Субъект;Пол;Место;1990;1991;1992;1993;1994;1995;1996;1997;1998;1999;2000;2001;2002;2003;2004;2005;2006;2007;2008;2009;2010;2011;2012;2013;2014;2015;2016;2017;2018;2019;2020;2021
Российская Федерация;Мужчины;все население;20691;19131;17238;16213;15394;14472;13416;12738;12327;12020;11248;11273;10703;10429;10090;9416;8660;8598;8234;8182;7626;7572;9219;8823;8126;7247;6454;5399;4705;4087;3718;3798
Российская Федерация;Мужчины;городское население;14101;12656;11267;10491;10092;9478;8752;8206;8163;7957;7557;7608;7279;7021;6666;6283;5627;5494;5288;5271;4910;4847;6148;5977;5475;4888;4443;3700;3270;2896;2615;2690
Российская Федерация;Оба пола;все население;35088;32492;29208;27946;26141;24840;22825;21735;21097;20731;19286;19104;18407;18142;17339;16073;15079;14858;14436;14271;13405;13168;16306;15477;14322;12664;11428;9577;8244;7328;6489;6516
Российская Федерация;Оба пола;городское население;23902;21549;19097;18106;17131;16258;14842;14034;13883;13657;12934;12899;12511;12235;11596;10716;9839;9497;9273;9189;8641;8398;10843;10418;9641;8499;7860;6545;5723;5206;4573;4664
    Центральный федеральный округ;Мужчины;все население;4117;3709;3249;3072;3034;2844;2625;2584;2392;2434;2228;2432;2267;2174;2044;1965;1656;1613;1573;1668;1569;1542;1953;1887;1632;1541;1457;1201;1070;877;751;834
    Центральный федеральный округ;Мужчины;городское население;3166;2789;2433;2248;2225;2086;1902;1915;1815;1864;1761;1881;1809;1690;1580;1530;1295;1283;1273;1334;1269;1224;1605;1541;1361;1275;1210;1008;904;762;620;702
    Центральный федеральный округ;Оба пола;все население;6932;6284;5536;5325;5218;4952;4454;4460;4186;4144;3840;3997;3833;3768;3527;3315;2956;2778;2760;2889;2681;2656;3414;3343;2889;2718;2572;2132;1884;1620;1381;1404
    Центральный федеральный округ;Оба пола;городское население;5317;4734;4175;3899;3871;3631;3254;3303;3146;3150;2982;3104;3024;2940;2752;2588;2314;2188;2201;2306;2156;2117;2789;2735;2402;2228;2146;1785;1593;1409;1153;1192
        Белгородская область;Мужчины;все население;181;167;156;153;127;125;106;99;99;93;87;99;90;74;71;81;77;43;60;52;44;51;77;68;49;58;62;42;42;22;25;30
        Белгородская область;Мужчины;городское население;119;112;100;107;82;82;59;66;60;56;54;62;61;45;44;49;51;27;36;37;26;30;53;44;31;37;42;26;23;13;10;16
        Белгородская область;Оба пола;все население;312;290;240;244;233;203;174;167;160;161;157;173;155;130;122;118;123;76;106;87;85;85;127;116;103;110;108;77;73;39;47;54
        Белгородская область;Оба пола;городское население;209;198;165;165;153;131;102;100;99;95;93;111;104;77;74;74;79;49;61;56;52;51;84;68;62;68;72;43;40;23;25;34
        Брянская область;Мужчины;все население;192;175;168;180;150;135;120;115;106;106;98;96;87;90;98;84;51;65;60;64;57;80;61;82;63;63;60;60;30;19;26;22
        Брянская область;Мужчины;городское население;119;109;111;99;90;74;68;80;64;74;56;59;53;49;51;55;36;51;36;35;29;49;45;48;45;39;35;39;21;13;21;11
        Брянская область;Оба пола;все население;322;304;283;297;256;229;212;202;182;184;177;175;168;160;153;145;94;114;107;106;107;127;127;124;126;111;103;96;45;37;41;27
        Брянская область;Оба пола;городское население;198;195;200;176;157;125;116;135;107;117;105;105;97;91;88;96;65;86;68;65;55;77;81;77;87;67;67;65;33;26;29;14
        Владимирская область;Мужчины;все население;186;165;143;118;123;118;88;93;88;105;107;100;108;78;81;81;56;66;92;64;57;51;69;77;65;64;59;49;40;32;30;34
        Владимирская область;Мужчины;городское население;142;126;101;86;94;84;66;71;69;86;86;80;87;54;63;48;44;52;74;50;38;35;47;56;51;48;41;39;27;21;25;25
        Владимирская область;Оба пола;все население;301;267;239;210;211;196;161;161;169;174;171;182;171;129;140;128;108;104;145;110;109;94;127;117;110;107;100;76;67;58;61;66
        Владимирская область;Оба пола;городское население;221;209;179;148;165;146;114;123;130;134;134;147;135;94;107;82;81;81;116;75;76;69;97;86;87;76;72;59;45;43;51;52
        Воронежская область;Мужчины;все население;234;254;248;208;212;182;155;168;181;160;127;155;119;116;121;131;99;97;95;107;104;88;92;111;74;76;78;70;52;47;42;46
        Воронежская область;Мужчины;городское население;146;152;162;122;113;109;76;81;98;113;88;101;84;76;73;97;64;63;65;77;78;62;77;95;58;59;67;57;41;43;34;38
        Воронежская область;Оба пола;все население;399;441;418;362;348;321;273;275;302;280;245;245;205;214;207;203;158;168;177;182;169;146;166;186;145;126;120;108;99;81;70;83
        Воронежская область;Оба пола;городское население;261;262;262;213;194;184;140;143;177;191;166;158;140;148;125;144;103;109;113;128;124;103;134;153;112;101;96;90;77;74;58;73
        Ивановская область;Мужчины;все население;147;134;112;125;108;113;98;86;74;98;83;89;90;72;68;60;52;49;36;44;35;55;47;52;40;35;37;21;18;16;14;17
        Ивановская область;Мужчины;городское население;110;106;95;90;79;87;80;72;61;80;68;69;83;57;53;44;41;38;30;38;31;42;37;41;34;27;28;18;16;13;13;16
        Ивановская область;Оба пола;все население;255;231;214;225;192;182;159;166;137;160;143;152;150;125;109;104;89;82;73;91;74;90;71;86;68;64;66;35;35;40;28;24
        Ивановская область;Оба пола;городское население;181;187;174;168;142;141;128;127;110;133;115;121;137;102;85;75;71;63;64;79;64;68;58;67;58;48;51;31;28;31;25;20
        Калужская область;Мужчины;все население;144;116;102;84;77;86;88;83;74;83;68;77;72;71;51;53;63;52;48;40;54;40;65;57;52;62;59;28;21;18;16;18
        Калужская область;Мужчины;городское население;101;76;59;60;43;64;57;50;51;58;49;59;50;46;34;35;39;35;33;30;42;28;46;44;38;48;49;22;18;14;11;15
        Калужская область;Оба пола;все население;214;192;179;144;155;153;133;153;132;123;127;125;118;106;99;90;100;87;77;80;77;75;120;111;87;111;87;46;51;36;28;31
        Калужская область;Оба пола;городское население;145;128;104;97;96;102;88;98;95;87;87;90;85;64;68;62;66;60;53;57;56;58;84;86;66;86;74;35;43;29;20;24
        Костромская область;Мужчины;все население;113;87;92;86;69;78;85;70;71;67;46;55;57;48;44;46;53;45;50;53;37;27;35;39;48;31;28;25;21;23;19;10
        Костромская область;Мужчины;городское население;72;44;64;46;39;49;44;37;39;42;32;32;33;34;25;25;32;25;38;33;21;17;23;27;26;19;21;16;17;21;13;7
        Костромская область;Оба пола;все население;186;162;155;138;134;130;136;119;134;114;85;94;98;93;78;87;102;65;83;84;52;60;66;72;74;58;59;51;35;43;42;19
        Костромская область;Оба пола;городское население;116;85;106;78;83;74;76;67;69;73;63;53;61;66;50;49;66;38;60;56;29;33;39;54;47;38;38;31;26;36;29;15
        Курская область;Мужчины;все население;176;160;130;129;140;106;126;111;96;104;98;98;96;74;102;78;52;65;61;61;57;55;60;58;44;36;36;38;29;26;24;17
        Курская область;Мужчины;городское население;116;108;92;79;89;73;86;75;63;58;68;62;63;49;76;63;39;46;42;47;46;32;36;36;26;19;19;20;20;18;17;12
        Курская область;Оба пола;все население;292;251;240;207;236;198;208;203;189;183;170;154;166;134;152;126;104;116;118;109;99;99;98;109;83;61;75;62;55;41;42;33
        Курская область;Оба пола;городское население;196;169;161;125;147;135;137;144;122;110;110;99;108;89;110;94;78;84;87;80;78;56;59;68;51;34;43;36;39;27;31;19
        Липецкая область;Мужчины;все население;133;116;127;135;112;100;100;91;72;85;79;70;64;59;44;58;40;52;55;50;49;59;62;60;62;49;48;16;25;14;20;18
        Липецкая область;Мужчины;городское население;90;71;73;72;60;52;52;45;50;64;50;37;36;38;27;43;21;36;39;31;32;29;35;34;41;29;29;11;15;8;16;14
        Липецкая область;Оба пола;все население;219;204;199;242;189;176;157;153;136;139;140;128;108;111;82;103;91;94;88;83;77;92;113;101;104;102;96;39;39;29;35;33
        Липецкая область;Оба пола;городское население;149;122;121;135;108;93;86;77;82;92;91;80;66;67;55;71;56;62;57;47;47;51;63;60;68;57;61;24;24;15;22;23
        Московская область;Мужчины;все население;633;575;534;416;445;455;443;395;413;417;373;382;366;379;354;337;280;317;304;323;299;262;363;344;362;254;262;190;209;156;130;170
        Московская область;Мужчины;городское население;513;451;408;334;361;361;340;312;335;324;306;314;298;303;287;276;235;268;271;269;258;232;330;310;332;233;234;164;190;135;115;154
        Московская область;Оба пола;все население;1045;931;871;749;759;767;722;696;692;694;626;614;623;663;622;582;520;504;522;546;510;482;616;601;611;452;437;367;341;296;246;278
        Московская область;Оба пола;городское население;843;734;673;588;614;613;568;555;552;540;516;508;505;536;502;478;432;422;455;462;440;426;561;542;556;413;393;320;311;267;220;253
        Орловская область;Мужчины;все население;90;86;70;90;90;84;73;60;53;48;51;71;43;45;51;41;43;34;29;33;30;38;52;45;37;44;29;27;20;14;17;23
        Орловская область;Мужчины;городское население;49;56;30;45;50;35;40;36;27;27;29;44;25;26;35;20;24;17;16;13;17;25;25;22;19;27;22;17;9;8;10;10
        Орловская область;Оба пола;все население;157;157;131;142;146;152;119;118;84;95;89;104;79;84;87;73;75;60;52;54;62;64;91;73;66;77;54;43;35;32;33;36
        Орловская область;Оба пола;городское население;86;94;60;81;71;73;60;67;41;53;51;63;45;48;55;36;39;25;25;25;32;38;44;37;35;43;36;26;21;20;21;17
        Рязанская область;Мужчины;все население;135;132;105;116;103;88;95;96;83;94;73;81;78;84;67;62;58;54;60;66;58;48;72;66;39;45;35;31;26;28;24;22
        Рязанская область;Мужчины;городское население;101;93;70;88;69;49;68;62;51;59;57;57;51;56;48;41;43;38;43;44;33;34;49;47;29;29;27;22;22;22;15;19
        Рязанская область;Оба пола;все население;253;232;176;201;175;163;161;152;140;153;132;126;123;134;119;110;114;116;103;104;98;86;122;113;76;79;56;51;49;46;46;45
        Рязанская область;Оба пола;городское население;181;162;120;139;117;98;114;96;93;98;91;92;76;96;90;75;81;79;73;67;59;58;77;84;56;58;43;38;39;36;31;38
        Смоленская область;Мужчины;все население;109;121;92;98;95;83;78;78;68;73;67;87;73;57;66;77;41;45;52;46;36;40;47;46;49;45;32;32;26;17;23;22
        Смоленская область;Мужчины;городское население;57;77;63;62;55;52;44;48;44;49;45;56;51;37;40;48;25;27;35;26;23;24;27;33;35;28;22;21;19;14;15;17
        Смоленская область;Оба пола;все население;181;207;165;168;167;159;149;139;122;126;115;136;121;103;109;129;91;91;79;85;57;74;99;92;69;78;64;50;52;29;39;39
        Смоленская область;Оба пола;городское население;101;133;111;108;108;97;93;84;75;90;79;87;79;67;64;82;50;61;45;55;35;48;64;63;48;52;47;35;36;25;27;31
        Тамбовская область;Мужчины;все население;164;143;122;119;115;130;106;107;85;77;71;98;72;63;58;56;50;30;26;32;28;25;25;38;31;21;26;14;24;17;15;12
        Тамбовская область;Мужчины;городское население;94;82;78;66;57;64;58;54;48;40;37;62;41;34;28;28;26;21;18;17;18;13;15;17;17;13;18;7;14;11;6;8
        Тамбовская область;Оба пола;все население;266;228;210;205;182;214;181;181;151;144;130;148;112;116;109;84;90;59;49;62;43;42;43;57;46;38;38;22;33;30;24;25
        Тамбовская область;Оба пола;городское население;155;125;127;105;99;112;93;91;83;74;73;88;57;63;55;43;49;36;29;29;25;21;25;26;24;20;28;12;17;18;10;16
        Тверская область;Мужчины;все население;214;205;155;142;145;134;119;132;129;117;118;118;107;118;98;118;87;86;63;78;74;79;93;78;54;58;67;33;33;23;26;27
        Тверская область;Мужчины;городское население;143;126;93;96;93;87;73;90;95;82;96;77;80;91;67;90;64;56;42;61;56;53;59;52;42;46;46;27;19;15;18;19
        Тверская область;Оба пола;все население;375;337;273;288;246;240;218;215;232;205;196;195;187;180;160;176;140;137;111;137;117;124;148;150;99;97;106;59;57;45;45;45
        Тверская область;Оба пола;городское население;242;204;171;195;157;152;138;145;173;144;145;135;137;131;115;128;104;84;74;103;87;87;96;96;79;71;77;42;33;32;33;32
        Тульская область;Мужчины;все население;162;163;140;178;151;161;144;146;127;129;133;118;105;88;83;81;60;79;53;70;63;47;61;58;50;62;57;51;30;28;38;41
        Тульская область;Мужчины;городское население;121;123;107;129;103;123;107;108;104;95;107;92;93;60;63;65;40;60;36;50;47;37;46;47;43;48;40;43;21;24;31;33
        Тульская область;Оба пола;все население;286;288;237;301;266;269;249;245;226;215;230;204;166;158;152;138;112;123;104;111;104;81;102;115;104;106;101;93;61;54;64;60
        Тульская область;Оба пола;городское население;222;223;188;223;181;195;195;180;171;162;183;162;146;104;115;104;82;91;73;84;77;65;74;87;79;80;74;72;48;40;49;48
        Ярославская область;Мужчины;все население;151;126;98;89;102;73;79;82;75;91;70;91;90;85;73;52;65;43;52;48;62;49;69;65;54;46;42;40;19;17;26;22
        Ярославская область;Мужчины;городское население;120;93;72;61;78;48;62;56;58;70;54;71;70;62;52;34;42;32;42;39;49;34;54;48;42;37;35;32;16;13;18;13
        Ярославская область;Оба пола;все население;252;211;185;146;170;133;141;140;125;150;122;146;150;133;130;93;102;88;91;87;99;83;122;119;88;90;80;81;42;37;40;38
        Ярославская область;Оба пола;городское население;194;153;132;99;126;93;105;96;94;113;95;109;113;102;97;69;69;64;73;67;78;56;96;89;68;71;63;63;32;25;32;24
        Город Москва столица Российской Федерации город федерального значения;Мужчины;все население;953;784;655;606;670;593;522;572;498;487;479;547;550;573;514;469;429;391;377;437;425;448;603;543;459;492;440;434;405;360;236;283
        Город Москва столица Российской Федерации город федерального значения;Мужчины;городское население;953;784;655;606;670;593;522;572;498;487;479;547;550;573;514;469;429;391;377;437;425;448;601;540;452;489;435;427;396;356;232;275
        Город Москва столица Российской Федерации город федерального значения;Оба пола;все население;1617;1351;1121;1056;1153;1067;901;975;873;844;785;896;933;995;897;826;743;694;675;771;742;752;1056;1001;830;851;822;776;715;647;450;468
        Город Москва столица Российской Федерации город федерального значения;Оба пола;городское население;1617;1351;1121;1056;1153;1067;901;975;873;844;785;896;933;995;897;826;743;694;675;771;742;752;1053;992;819;845;811;763;701;642;440;459
    Северо-Западный федеральный округ;Мужчины;все население;1786;1599;1366;1233;1226;1160;994;880;906;835;775;861;790;790;727;700;568;536;556;549;463;468;592;611;549;503;466;404;357;332;287;288
    Северо-Западный федеральный округ;Мужчины;городское население;1401;1249;1043;926;926;880;726;661;695;638;606;659;599;603;543;536;412;401;423;427;359;370;461;473;454;413;378;335;309;276;242;252
    Северо-Западный федеральный округ;Оба пола;все население;3056;2646;2310;2126;2088;1953;1672;1533;1554;1465;1391;1467;1361;1347;1240;1194;985;982;958;926;867;848;1022;1033;985;917;830;725;619;593;476;517
    Северо-Западный федеральный округ;Оба пола;городское население;2419;2055;1764;1617;1572;1497;1249;1165;1193;1110;1087;1120;1032;1046;947;924;727;734;729;723;670;666;806;818;805;745;690;602;534;493;401;443
        Республика Карелия;Мужчины;все население;87;72;68;58;55;68;54;49;64;55;48;50;37;34;44;41;30;29;21;22;22;19;34;27;30;26;28;22;15;8;17;13
        Республика Карелия;Мужчины;городское население;72;62;54;42;37;53;35;26;47;41;37;35;24;23;34;29;20;20;13;16;16;12;25;18;23;21;21;12;14;6;14;12
        Республика Карелия;Оба пола;все население;150;123;124;97;91;117;86;83;97;107;91;87;72;59;71;67;53;52;44;39;38;43;61;49;52;44;53;43;34;26;23;19
        Республика Карелия;Оба пола;городское население;131;98;99;69;61;87;58;55;71;79;70;61;51;43;53;50;36;39;31;29;27;25;47;36;40;33;42;26;26;19;19;15
        Республика Коми;Мужчины;все население;168;152;146;114;152;186;100;97;109;99;55;63;69;61;58;61;39;53;38;32;33;35;44;39;32;38;32;27;19;23;11;25
        Республика Коми;Мужчины;городское население;132;105;95;82;102;133;67;63;77;71;48;49;52;42;40;43;27;31;28;23;21;23;33;25;23;30;24;23;13;20;9;19
        Республика Коми;Оба пола;все население;283;259;244;232;254;283;185;175;181;164;128;96;120;107;99;96;76;87;77;60;59;51;73;74;63;55;61;43;39;40;18;39
        Республика Коми;Оба пола;городское население;212;186;166;172;169;200;130;119;129;116;104;74;90;77;73;64;57;55;56;40;38;33;52;50;41;41;42;35;30;31;14;27
        Архангельская область;Мужчины;все население;184;183;149;141;130;116;123;80;102;97;96;132;105;94;79;102;80;85;76;77;55;53;55;70;56;46;47;43;33;26;19;23
        Архангельская область;Мужчины;городское население;109;110;96;86;90;78;80;54;68;68;70;93;73;63;53;76;42;57;50;56;38;32;36;48;37;33;32;32;24;19;16;15
        Архангельская область;Оба пола;все население;314;288;264;246;236;217;207;164;178;178;171;206;174;176;145;176;143;159;135;121;105;103;110;118;101;88;81;76;54;59;33;35
        Архангельская область;Оба пола;городское население;198;170;174;152;156;152;136;118;122;120;125;144;125;126;96;132;81;108;86;84;69;60;78;87;70;62;63;54;39;43;26;23
            Ненецкий автономный округ (Архангельская область);Мужчины;все население;16;10;10;5;4;7;9;4;5;5;8;7;8;11;2;7;6;6;0;1;2;5;1;4;3;2;1;3;1;0;2;3
            Ненецкий автономный округ (Архангельская область);Мужчины;городское население;8;3;5;4;2;1;1;2;1;2;4;3;4;6;1;2;3;4;0;1;2;2;0;2;1;1;0;3;0;0;1;1
            Ненецкий автономный округ (Архангельская область);Оба пола;все население;26;14;19;9;12;11;13;7;11;10;13;12;11;19;6;10;9;11;5;4;4;7;2;5;4;4;2;4;1;1;4;3
            Ненецкий автономный округ (Архангельская область);Оба пола;городское население;15;4;11;6;6;2;2;3;4;3;8;5;5;10;2;4;3;5;1;2;3;3;1;3;2;3;1;4;0;1;2;1
            Архангельская область (кроме Ненецкого автономного округа);Мужчины;все население;168;173;139;136;126;109;114;76;97;92;88;125;97;83;77;95;74;79;76;76;53;48;54;66;53;44;46;40;32;26;17;20
            Архангельская область (кроме Ненецкого автономного округа);Мужчины;городское население;101;107;91;82;88;77;79;52;67;66;66;90;69;57;52;74;39;53;50;55;36;30;36;46;36;32;32;29;24;19;15;14
            Архангельская область (кроме Ненецкого автономного округа);Оба пола;все население;288;274;245;237;224;206;194;157;167;168;158;194;163;157;139;166;134;148;130;117;101;96;108;113;97;84;79;72;53;58;29;32
            Архангельская область (кроме Ненецкого автономного округа);Оба пола;городское население;183;166;163;146;150;150;134;115;118;117;117;139;120;116;94;128;78;103;85;82;66;57;77;84;68;59;62;50;39;42;24;22
        Вологодская область;Мужчины;все население;180;184;162;148;154;116;128;105;97;104;108;121;101;96;87;96;75;74;64;71;58;49;82;101;67;53;67;52;36;37;42;29
        Вологодская область;Мужчины;городское население;121;122;106;86;99;66;84;71;66;71;67;77;69;63;50;64;54;56;38;41;40;35;60;65;48;32;42;35;28;23;27;27
        Вологодская область;Оба пола;все население;325;296;277;220;252;203;197;187;182;179;180;209;176;166;146;152;116;127;112;117;112;100;140;167;124;95;104;87;65;66;59;55
        Вологодская область;Оба пола;городское население;208;192;186;125;161;123;129;122;123;127;117;138;119;106;87;102;84;87;67;71;75;73;108;108;93;60;65;62;48;42;36;45
        Калининградская область;Мужчины;все население;113;93;87;92;98;78;84;82;78;82;97;62;79;79;71;62;34;38;42;42;27;31;32;47;59;39;32;35;28;32;16;17
        Калининградская область;Мужчины;городское население;75;70;61;56;66;52;53;53;61;58;72;45;58;52;55;41;25;24;32;33;21;23;25;32;50;29;27;33;23;27;13;14
        Калининградская область;Оба пола;все население;186;171;153;155;167;124;124;136;132;133;147;125;134;131;113;95;62;75;61;77;48;50;66;77;96;75;55;50;47;56;35;37
        Калининградская область;Оба пола;городское население;122;124;103;99;109;80;79;80;96;90;104;88;92;92;85;62;43;54;47;63;36;38;50;56;83;62;47;45;42;47;30;30
        Ленинградская область;Мужчины;все население;153;159;130;122;82;108;78;75;65;71;67;67;92;67;75;73;61;53;59;48;46;46;62;57;62;50;35;34;27;26;37;27
        Ленинградская область;Мужчины;городское население;88;104;80;80;46;72;48;46;44;45;43;44;57;45;43;47;39;35;35;31;26;31;38;35;45;39;24;24;21;16;28;20
        Ленинградская область;Оба пола;все население;264;253;214;183;149;174;132;129;114;130;116;128;151;123;123;128;102;103;112;82;91;80;95;90;107;97;70;68;46;40;52;47
        Ленинградская область;Оба пола;городское население;169;155;134;121;89;123;84;87;79;86;73;81;90;82;79;88;62;63;69;54;55;54;54;59;73;66;52;48;35;27;38;36
        Мурманская область;Мужчины;все население;129;111;113;71;83;77;77;72;53;47;55;75;65;49;63;55;56;47;49;42;20;44;41;35;35;36;17;18;25;18;17;20
        Мурманская область;Мужчины;городское население;114;102;109;64;73;70;67;67;47;43;48;71;58;43;60;50;50;45;47;37;17;41;37;34;35;35;17;17;23;17;17;19
        Мурманская область;Оба пола;все население;217;176;172;120;134;138;150;113;96;85;99;121;107;78;98;96;87;83;84;66;49;78;61;57;58;54;33;42;42;34;25;37
        Мурманская область;Оба пола;городское население;194;163;162;107;122;122;132;103;88;80;90;113;97;68;93;88;79;80;79;58;44;74;56;55;56;53;32;41;39;33;25;34
        Новгородская область;Мужчины;все население;101;90;91;74;63;70;59;61;56;38;41;40;48;54;42;31;45;26;46;34;31;30;39;43;28;27;20;24;18;22;12;14
        Новгородская область;Мужчины;городское население;63;53;61;49;42;40;37;42;35;24;31;25;33;37;19;22;27;18;37;22;21;21;19;29;20;12;18;17;13;16;6;8
        Новгородская область;Оба пола;все население;171;145;134;123;125;117;100;99;97;71;75;73;76;81;66;61;73;55;67;55;52;55;62;63;53;44;32;37;28;28;20;23
        Новгородская область;Оба пола;городское население;112;86;80;77;79;68;64;70;59;47;52;45;51;56;35;43;49;36;51;36;30;39;32;44;32;21;27;26;19;19;12;14
        Псковская область;Мужчины;все население;84;75;91;76;87;68;79;55;73;53;50;70;55;73;50;45;51;33;38;39;34;25;37;33;26;27;34;19;19;17;10;12
        Псковская область;Мужчины;городское население;40;41;52;44;49;43;43;35;41;28;32;39;36;52;31;30;31;17;20;26;22;16;22;28;19;21;19;12;13;9;6;10
        Псковская область;Оба пола;все население;155;135;145;132;137;111;126;102;121;101;87;115;102;110;91;83;85;58;58;67;56;43;73;56;46;55;54;33;25;30;20;28
        Псковская область;Оба пола;городское население;82;81;77;77;83;73;72;66;70;48;55;69;68;80;58;55;48;29;35;46;39;25;48;41;32;37;33;19;17;18;10;22
        Город Санкт-Петербург город федерального значения;Мужчины;все население;587;480;329;337;322;273;212;204;209;189;158;181;139;183;158;134;97;98;123;142;137;136;166;159;154;161;154;130;137;123;106;108
        Город Санкт-Петербург город федерального значения;Мужчины;городское население;587;480;329;337;322;273;212;204;209;189;158;181;139;183;158;134;97;98;123;142;137;136;166;159;154;161;154;130;137;123;106;108
        Город Санкт-Петербург город федерального значения;Оба пола;все население;991;800;583;618;543;469;365;345;356;317;297;307;249;316;288;240;188;183;208;242;257;245;281;282;285;310;287;246;239;214;191;197
        Город Санкт-Петербург город федерального значения;Оба пола;городское население;991;800;583;618;543;469;365;345;356;317;297;307;249;316;288;240;188;183;208;242;257;245;281;282;285;310;287;246;239;214;191;197
    Южный федеральный округ;Мужчины;все население;3619;3539;3407;2928;2753;2684;2501;2350;2363;2269;2136;2001;1899;1892;2022;1900;1961;1970;1915;1886;665;651;795;767;737;641;626;527;453;413;420;432
    Южный федеральный округ;Мужчины;городское население;1861;1801;1730;1533;1425;1368;1304;1142;1245;1167;1094;1100;1038;976;1045;1022;1011;965;962;935;381;393;477;489;467;394;386;310;267;265;258;284
    Южный федеральный округ;Оба пола;все население;6136;6171;5769;5004;4674;4585;4290;4047;4066;3871;3590;3425;3287;3287;3498;3212;3343;3398;3364;3294;1169;1164;1453;1379;1277;1122;1133;947;798;698;730;786
    Южный федеральный округ;Оба пола;городское население;3151;3161;2952;2612;2399;2326;2216;1978;2122;1967;1877;1890;1794;1707;1847;1707;1714;1675;1712;1646;659;692;898;875;805;686;702;549;470;446;453;497
        Республика Адыгея (Адыгея);Мужчины;все население;66;61;64;52;49;48;45;48;37;35;36;16;28;29;36;27;15;28;28;21;25;16;28;24;26;32;14;20;8;9;6;11
        Республика Адыгея (Адыгея);Мужчины;городское население;30;34;34;22;26;23;20;24;15;18;20;7;12;15;21;17;10;13;15;13;13;7;13;14;14;11;4;11;5;7;2;7
        Республика Адыгея (Адыгея);Оба пола;все население;107;102;100;96;94;90;69;90;56;53;66;34;47;50;67;49;37;46;47;40;41;31;45;38;48;44;24;32;18;20;14;22
        Республика Адыгея (Адыгея);Оба пола;городское население;56;59;54;44;50;46;33;45;25;28;39;14;16;27;37;29;21;17;22;26;19;15;21;21;23;19;6;16;11;16;7;10
        Республика Калмыкия;Мужчины;все население;64;66;49;53;42;40;26;38;37;32;32;25;22;23;12;18;26;25;27;32;25;16;18;19;17;21;16;7;6;2;6;3
        Республика Калмыкия;Мужчины;городское население;38;35;22;15;14;19;11;17;17;17;19;9;10;12;4;4;15;9;8;15;9;10;7;10;5;6;10;0;0;0;1;2
        Республика Калмыкия;Оба пола;все население;103;108;89;91;81;69;54;69;60;58;56;55;47;54;33;29;54;41;50;55;42;24;33;32;38;33;23;15;19;4;8;7
        Республика Калмыкия;Оба пола;городское население;50;63;38;29;31;31;26;29;27;29;37;26;20;23;10;7;27;15;18;20;20;14;16;17;13;13;15;3;6;0;3;5
        Республика Крым;Мужчины;все население;;;;;;;;;;;;;;;;;;;;;;;;;;84;66;52;41;48;60;45
        Республика Крым;Мужчины;городское население;;;;;;;;;;;;;;;;;;;;;;;;;;35;29;23;19;19;23;21
        Республика Крым;Оба пола;все население;;;;;;;;;;;;;;;;;;;;;;;;;;150;121;112;80;89;102;97
        Республика Крым;Оба пола;городское население;;;;;;;;;;;;;;;;;;;;;;;;;;62;58;49;37;36;48;46
        Краснодарский край;Мужчины;все население;677;617;596;680;629;561;494;433;420;344;358;402;317;285;300;265;253;245;248;208;195;207;240;221;238;224;202;168;155;146;142;141
        Краснодарский край;Мужчины;городское население;367;331;296;380;333;287;255;210;230;159;171;228;159;134;146;118;125;109;107;98;86;109;133;131;135;124;121;98;87;97;89;87
        Краснодарский край;Оба пола;все население;1120;1029;990;1132;1092;975;816;766;735;576;606;624;547;501;550;456;433;440;437;373;334;389;449;412;405;398;366;298;263;229;230;248
        Краснодарский край;Оба пола;городское население;616;563;509;622;572;505;422;385;397;265;302;336;284;226;272;209;214;196;195;174;144;198;247;246;229;210;205;167;138;153;139;154
        Астраханская область;Мужчины;все население;151;128;118;128;107;118;113;126;131;91;105;102;77;91;89;105;86;80;66;64;60;66;76;79;81;72;41;45;40;40;32;28
        Астраханская область;Мужчины;городское население;86;91;85;88;79;78;82;70;80;58;69;62;44;55;58;66;45;46;33;43;39;41;61;58;59;57;28;33;32;30;26;26
        Астраханская область;Оба пола;все население;250;235;188;216;202;194;192;188;221;154;165;171;157;152;160;159;132;130;118;117;110;104;142;130;148;119;82;74;71;72;64;46
        Астраханская область;Оба пола;городское население;147;162;133;153;140;123;135;109;129;98;104;101;90;94;102;103;79;74;63;77;75;66;113;95;106;89;61;52;57;54;51;35
        Волгоградская область;Мужчины;все население;300;293;319;304;284;275;209;236;207;241;248;215;196;218;225;162;184;176;199;166;148;152;184;161;138;101;89;62;74;47;53;74
        Волгоградская область;Мужчины;городское население;212;200;209;188;175;177;154;150;138;153;156;141;138;151;150;121;125;120;139;108;105;103;125;118;103;72;64;43;43;31;35;59
        Волгоградская область;Оба пола;все население;517;523;535;521;483;469;379;394;368;411;385;389;327;368;369;284;288;302;349;290;288;264;335;294;235;193;165;108;122;87;97;110
        Волгоградская область;Оба пола;городское население;363;342;348;318;298;294;256;247;248;249;248;260;222;255;259;206;194;202;242;197;198;182;225;209;168;140;121;72;79;55;66;83
        Ростовская область;Мужчины;все население;560;574;519;515;543;439;463;449;405;405;383;355;346;342;323;358;300;320;269;238;212;194;249;263;237;191;181;162;120;110;114;121
        Ростовская область;Мужчины;городское население;405;374;314;320;337;253;268;272;247;252;230;214;208;219;190;219;177;192;160;149;129;123;138;158;151;124;115;92;73;70;75;73
        Ростовская область;Оба пола;все население;960;1006;887;909;857;767;786;753;704;713;642;595;576;571;562;594;537;541;459;418;354;352;449;473;403;335;326;288;212;182;200;235
        Ростовская область;Оба пола;городское население;680;658;554;572;530;447;465;461;425;433;379;379;362;365;345;364;323;324;279;251;203;217;276;287;266;215;212;171;130;117;124;143
        Город федерального значения Севастополь;Мужчины;все население;;;;;;;;;;;;;;;;;;;;;;;;;;20;17;11;9;11;7;9
        Город федерального значения Севастополь;Мужчины;городское население;;;;;;;;;;;;;;;;;;;;;;;;;;19;15;10;8;11;7;9
        Город федерального значения Севастополь;Оба пола;все население;;;;;;;;;;;;;;;;;;;;;;;;;;26;26;20;13;15;15;21
        Город федерального значения Севастополь;Оба пола;городское население;;;;;;;;;;;;;;;;;;;;;;;;;;24;24;19;12;15;15;21
    Северо-Кавказский федеральный округ;Мужчины;все население;;;;;;;;;;;;;;;;;;;;;1124;1269;1328;1157;1086;959;834;630;563;497;476;502
    Северо-Кавказский федеральный округ;Мужчины;городское население;;;;;;;;;;;;;;;;;;;;;511;529;602;537;456;409;393;266;229;230;240;254
    Северо-Кавказский федеральный округ;Оба пола;все население;;;;;;;;;;;;;;;;;;;;;1939;2148;2425;2011;1967;1667;1437;1182;982;868;798;848
    Северо-Кавказский федеральный округ;Оба пола;городское население;;;;;;;;;;;;;;;;;;;;;884;880;1082;929;833;701;642;516;410;401;407;441
        Республика Дагестан;Мужчины;все население;572;562;557;505;453;464;440;426;514;528;423;396;417;339;379;323;366;378;369;446;422;477;478;416;369;391;314;252;230;206;187;224
        Республика Дагестан;Мужчины;городское население;202;207;189;155;115;145;110;102;166;163;134;158;183;129;183;170;200;187;204;222;224;173;169;159;119;130;113;84;81;94;83;110
        Республика Дагестан;Оба пола;все население;988;1054;972;924;817;798;807;783;862;885;709;683;723;602;668;555;602;658;634;749;740;830;849;710;697;661;539;451;381;357;317;351
        Республика Дагестан;Оба пола;городское население;337;370;327;278;218;237;218;190;258;269;219;269;315;244;327;279;327;332;362;385;392;290;310;261;236;223;197;156;138;150;136;175
        Республика Ингушетия;Мужчины;все население;0;0;0;0;0;114;100;77;130;129;154;137;127;101;93;103;147;92;71;56;80;88;61;74;89;60;55;27;28;23;25;29
        Республика Ингушетия;Мужчины;городское население;0;0;0;0;0;52;58;42;88;106;105;83;79;51;60;63;78;53;43;33;38;43;28;37;43;30;30;13;12;12;12;14
        Республика Ингушетия;Оба пола;все население;0;0;0;0;0;193;166;123;222;222;269;223;229;191;166;174;230;156;136;110;140;149;117;132;139;99;86;58;49;49;47;49
        Республика Ингушетия;Оба пола;городское население;0;0;0;0;0;89;81;70;161;168;187;143;136;95;110;103;118;89;80;65;73;72;55;62;69;51;45;30;28;26;24;23
        Кабардино-Балкарская Республика;Мужчины;все население;173;142;144;156;126;96;111;98;105;86;78;73;86;81;83;84;86;74;40;44;51;44;68;48;56;50;45;27;30;29;34;31
        Кабардино-Балкарская Республика;Мужчины;городское население;98;70;84;85;61;47;63;44;49;33;35;40;43;33;43;48;40;38;15;21;29;25;37;19;23;24;26;14;10;13;14;17
        Кабардино-Балкарская Республика;Оба пола;все население;300;253;227;249;208;159;191;162;167;152;131;136;131;138;137;131;149;125;69;77;75;73;118;90;90;85;82;55;52;50;57;51
        Кабардино-Балкарская Республика;Оба пола;городское население;173;130;125;139;99;83;105;80;80;63;65;68;72;63;69;72;73;68;31;36;38;40;60;40;37;38;45;29;19;26;22;30
        Карачаево-Черкесская Республика;Мужчины;все население;70;54;51;48;54;64;66;73;69;79;76;52;40;38;25;31;28;36;36;40;37;33;31;42;29;26;24;21;22;17;15;13
        Карачаево-Черкесская Республика;Мужчины;городское население;35;22;27;20;26;30;30;30;32;38;29;24;24;19;10;15;12;11;16;17;18;12;11;15;10;12;10;7;10;6;11;7
        Карачаево-Черкесская Республика;Оба пола;все население;117;89;97;89;86;94;111;123;119;132;138;87;68;65;51;51;54;55;55;56;64;51;69;60;54;50;50;35;41;27;25;21
        Карачаево-Черкесская Республика;Оба пола;городское население;58;38;55;37;38;43;50;51;53;65;56;43;37;36;20;26;25;19;25;24;35;20;32;21;23;23;15;11;17;11;13;13
        Республика Северная Осетия-Алания;Мужчины;все население;88;110;92;103;92;94;84;84;83;71;50;51;51;49;50;42;55;60;47;52;42;67;81;56;58;61;40;29;26;24;20;18
        Республика Северная Осетия-Алания;Мужчины;городское население;51;69;57;60;60;60;57;54;57;55;36;33;26;35;27;26;37;35;31;27;25;46;51;34;34;38;24;15;14;16;14;8
        Республика Северная Осетия-Алания;Оба пола;все население;141;184;168;165;155;156;145;142;139;125;84;79;98;84;75;70;81;97;95;88;77;98;125;109;116;92;68;50;42;53;33;34
        Республика Северная Осетия-Алания;Оба пола;городское население;92;117;101;102;111;104;99;99;96;94;58;47;52;59;42;43;49;61;62;47;48;66;79;66;66;59;40;29;24;35;24;17
        Чеченская Республика;Мужчины;все население;546;587;541;0;0;0;0;0;0;0;0;0;0;106;219;213;250;310;339;348;333;385;405;331;271;210;172;140;116;100;109;109
        Чеченская Республика;Мужчины;городское население;158;185;227;0;0;0;0;0;0;0;0;0;0;25;55;66;62;72;88;99;90;140;179;174;98;84;72;50;44;33;61;57
        Чеченская Республика;Оба пола;все население;925;986;903;0;0;0;0;0;0;0;0;0;0;194;350;355;469;547;598;604;568;661;761;570;493;385;304;273;209;167;181;197
        Чеченская Республика;Оба пола;городское население;263;326;393;0;0;0;0;0;0;0;0;0;0;52;90;105;116;130;149;163;152;245;322;301;174;141;114;102;72;68;109;116
        Ставропольский край;Мужчины;все население;352;345;357;384;374;371;350;262;225;228;193;177;192;190;188;169;165;146;176;171;159;175;204;190;214;161;184;134;111;98;86;78
        Ставропольский край;Мужчины;городское население;179;183;186;200;199;197;196;127;126;115;90;101;112;98;98;89;85;80;103;90;87;90;127;99;129;91;118;83;58;56;45;41
        Ставропольский край;Оба пола;все население;608;602;613;612;599;621;574;454;413;390;339;349;337;317;310;305;277;260;317;317;275;286;386;340;378;295;308;260;208;165;138;145
        Ставропольский край;Оба пола;городское население;316;333;315;318;312;324;326;212;223;206;183;204;188;168;164;161;148;148;184;181;146;147;224;178;228;166;186;159;112;85;79;67
    Приволжский федеральный округ;Мужчины;все население;4392;4150;3747;3680;3452;3250;2908;2783;2710;2457;2349;2234;2221;2097;2048;1844;1716;1712;1624;1488;1421;1343;1698;1719;1601;1400;1197;1021;864;733;699;698
    Приволжский федеральный округ;Мужчины;городское население;3106;2751;2463;2371;2276;2117;1886;1815;1818;1652;1568;1496;1475;1421;1358;1197;1119;1104;1003;958;918;856;1129;1140;1050;926;802;675;599;487;458;473
    Приволжский федеральный округ;Оба пола;все население;7543;6913;6369;6331;5834;5502;4974;4726;4551;4331;4022;3845;3782;3776;3440;3190;3008;2938;2795;2616;2515;2331;3001;2977;2836;2420;2173;1795;1509;1331;1176;1164
    Приволжский федеральный округ;Оба пола;городское население;5353;4633;4157;4078;3839;3598;3204;3080;3004;2893;2651;2602;2535;2536;2315;2084;1954;1873;1747;1662;1603;1458;1984;1950;1856;1606;1457;1190;1038;886;794;804
        Республика Башкортостан;Мужчины;все население;616;624;534;535;531;502;473;442;466;377;365;292;346;326;293;328;271;302;302;223;212;220;270;254;263;244;186;192;136;137;153;129
        Республика Башкортостан;Мужчины;городское население;431;404;328;316;334;312;281;263;285;237;234;184;222;203;173;182;140;163;144;112;115;107;152;153;166;129;120;108;76;76;72;55
        Республика Башкортостан;Оба пола;все население;1066;1023;925;933;879;841;795;728;763;662;605;523;573;571;485;531;490;493;505;387;395;377;464;457;458;438;337;350;240;261;238;215
        Республика Башкортостан;Оба пола;городское население;731;652;558;555;529;508;465;434;469;413;379;335;366;349;297;296;259;266;266;197;221;191;270;275;283;242;197;192;138;141;113;107
        Республика Марий Эл;Мужчины;все население;114;111;91;95;79;78;61;52;55;55;46;55;56;45;58;38;51;39;39;38;31;34;43;43;44;44;25;24;26;17;16;16
        Республика Марий Эл;Мужчины;городское население;56;58;49;44;45;46;30;25;35;32;29;25;28;24;33;20;26;19;23;22;18;20;25;22;23;26;14;17;13;14;10;10
        Республика Марий Эл;Оба пола;все население;197;179;165;158;141;124;102;83;100;95;84;87;100;81;102;71;84;64;65;64;58;53;80;73;83;75;50;38;42;30;31;25
        Республика Марий Эл;Оба пола;городское население;103;102;93;81;82;78;53;42;56;54;45;43;52;40;54;37;43;30;38;35;35;31;43;35;45;44;25;25;19;24;20;16
        Республика Мордовия;Мужчины;все население;124;93;104;91;76;76;48;71;46;52;38;48;40;33;53;29;27;22;28;34;23;19;43;33;32;17;16;20;10;17;8;11
        Республика Мордовия;Мужчины;городское население;91;66;71;57;52;41;27;44;20;28;27;26;22;21;34;11;16;15;22;18;15;12;30;22;22;7;9;9;9;9;4;7
        Республика Мордовия;Оба пола;все население;213;172;175;161;123;132;91;113;88;103;67;75;63;79;78;68;50;45;48;54;50;41;65;61;49;35;36;35;20;26;17;22
        Республика Мордовия;Оба пола;городское население;159;119;117;101;80;71;52;64;44;55;44;44;41;50;48;38;32;28;35;28;33;22;44;42;34;19;19;20;17;16;9;13
        Республика Татарстан (Татарстан);Мужчины;все население;562;549;470;494;448;440;404;359;344;278;306;268;255;242;269;168;171;176;145;161;163;154;192;218;202;198;171;149;127;107;105;95
        Республика Татарстан (Татарстан);Мужчины;городское население;434;391;309;327;284;286;265;238;247;187;212;183;185;170;191;120;124;128;93;118;118;101;138;162;150;148;120;113;99;83;78;71
        Республика Татарстан (Татарстан);Оба пола;все население;947;892;767;830;768;729;664;630;569;502;525;451;449;416;434;300;307;317;262;274;272;250;353;394;369;343;299;249;207;210;170;165
        Республика Татарстан (Татарстан);Оба пола;городское население;731;642;514;556;501;472;447;425;403;347;370;317;314;300;309;212;215;226;174;195;198;168;255;283;272;262;214;188;161;161;130;124
        Удмуртская Республика;Мужчины;все население;201;218;229;191;183;172;122;122;165;141;134;126;121;131;137;114;109;100;98;97;83;71;117;99;108;71;64;43;43;43;37;32
        Удмуртская Республика;Мужчины;городское население;130;142;156;121;120;115;79;91;118;101;82;93;69;96;93;76;83;63;54;66;50;40;81;58;57;41;30;29;27;26;25;16
        Удмуртская Республика;Оба пола;все население;362;387;394;342;327;289;228;229;266;261;223;231;250;236;221;201;189;154;177;161;143;126;195;178;182;124;111;85;72;66;63;61
        Удмуртская Республика;Оба пола;городское население;238;253;263;212;210;192;149;161;186;172;146;158;156;168;149;129;132;100;104;103;88;68;130;94;93;75;57;58;42;37;40;30
        Чувашская Республика - Чувашия;Мужчины;все население;167;179;150;134;130;137;124;117;111;118;96;104;88;67;76;61;67;54;52;56;48;33;47;43;45;36;29;28;31;25;15;23
        Чувашская Республика - Чувашия;Мужчины;городское население;101;98;75;79;72;76;78;70;57;75;65;66;50;38;46;40;35;30;30;34;24;26;23;25;24;24;17;18;19;18;11;16
        Чувашская Республика - Чувашия;Оба пола;все население;290;299;279;257;235;224;215;210;193;192;159;171;146;115;126;103;121;95;88;107;88;56;91;83;76;56;53;47;58;36;24;29
        Чувашская Республика - Чувашия;Оба пола;городское население;169;174;145;142;135;112;134;124;106;115;107;108;90;67;70;60;67;52;51;61;42;38;41;46;38;32;36;30;39;26;17;20
        Пермский край;Мужчины;все население;437;394;405;378;330;315;298;268;253;274;256;233;259;228;221;192;201;218;200;171;168;149;166;192;161;124;99;103;77;65;59;58
        Пермский край;Мужчины;городское население;318;260;267;246;229;210;195;172;164;172;162;160;169;160;143;128;128;141;126;115;106;91;116;128;103;80;61;72;63;43;43;42
        Пермский край;Оба пола;все население;741;657;669;652;575;527;549;460;443;511;443;409;431;439;375;337;350;369;352;306;302;275;329;324;294;227;217;171;139;113;119;102
        Пермский край;Оба пола;городское население;545;447;438;441;392;366;354;292;290;326;278;276;283;297;260;231;226;230;227;206;179;168;224;219;187;154;143;123;106;81;88;76
        Кировская область;Мужчины;все население;238;176;152;142;136;145;111;139;123;109;100;122;117;98;104;70;74;88;65;54;61;52;63;53;42;43;49;35;36;22;27;38
        Кировская область;Мужчины;городское население;133;97;99;84;85;85;72;90;83;69;69;89;90;65;70;52;44;59;37;34;41;36;39;41;26;31;35;25;24;20;22;31
        Кировская область;Оба пола;все население;372;290;274;259;209;229;187;230;216;180;175;212;188;179;174;128;138;145;118;105;120;102;119;98;72;69;81;60;56;37;40;62
        Кировская область;Оба пола;городское население;211;174;170;155;137;142;114;150;142;119;114;151;144;127;119;89;86;90;69;62;79;68;74;72;45;46;58;43;34;28;31;49
        Нижегородская область;Мужчины;все население;381;363;339;335;290;289;260;314;283;244;224;203;227;222;200;233;214;174;169;185;161;150;205;203;170;160;152;99;104;88;75;70
        Нижегородская область;Мужчины;городское население;303;277;249;254;218;216;200;241;223;198;170;149;163;178;151;177;161;131;132;141;120;123;169;148;133;119;125;72;78;63;61;55
        Нижегородская область;Оба пола;все население;674;611;574;556;502;492;451;519;457;445;436;384;390;419;374;387;356;319;290;312;288;256;341;326;300;275;252;186;188;146;128;111
        Нижегородская область;Оба пола;городское население;530;457;424;422;368;376;349;402;347;358;326;285;282;314;286;292;274;238;215;233;216;202;278;242;239;203;208;143;141;107;102;91
        Оренбургская область;Мужчины;все население;315;350;283;291;274;274;215;211;227;187;204;188;178;172;153;169;131;138;125;120;115;126;166;166;165;115;103;104;71;49;43;46
        Оренбургская область;Мужчины;городское население;194;202;161;145;150;147;121;114;133;108;105;101;95;80;80;75;74;74;61;47;58;71;90;92;91;61;59;55;37;22;21;26
        Оренбургская область;Оба пола;все население;584;557;480;493;446;454;378;392;373;339;322;310;293;297;265;293;229;232;225;205;201;220;287;300;286;194;175;175;118;89;69;79
        Оренбургская область;Оба пола;городское население;369;324;275;246;258;251;195;217;209;193;155;169;157;156;147;135;127;111;114;86;92;107;148;157;148;101;94;83;59;41;38;46
        Пензенская область;Мужчины;все население;183;171;148;123;119;106;125;120;91;99;78;112;99;102;95;83;74;89;57;47;62;53;57;46;39;36;40;24;27;31;25;14
        Пензенская область;Мужчины;городское население;131;112;86;76;74;65;79;78;55;57;54;71;64;64;59;59;50;52;36;37;38;34;38;26;24;24;26;15;16;21;13;12
        Пензенская область;Оба пола;все население;314;281;243;219;208;190;180;190;166;172;135;171;164;183;156;145;128;138;111;87;110;79;106;81;81;63;78;50;46;57;43;35
        Пензенская область;Оба пола;городское население;217;188;145;133;133;110;114;121;103;107;89;111;106;112;105;101;86;88;73;60;68;52;70;49;54;44;58;36;30;35;25;28
        Самарская область;Мужчины;все население;440;339;306;288;294;229;211;193;190;149;154;158;156;162;148;148;132;128;154;136;139;124;151;172;140;139;107;94;77;62;82;86
        Самарская область;Мужчины;городское население;356;267;226;231;230;189;159;139;146;111;114;121;124;133;118;119;101;99;114;101;112;86;109;130;100;106;74;75;60;45;62;71
        Самарская область;Оба пола;все население;730;573;515;502;488;399;365;322;326;252;274;260;247;283;259;258;234;232;241;262;237;235;270;282;258;227;206;160;151;126;130;129
        Самарская область;Оба пола;городское население;598;446;383;395;388;323;281;241;251;193;209;208;201;226;208;210;178;181;175;200;183;168;201;210;189;177;154;123;120;92;104;106
        Саратовская область;Мужчины;все население;376;373;322;397;371;318;312;244;231;245;230;215;170;188;156;124;125;119;116;100;106;91;122;126;125;119;101;72;66;40;32;56
        Саратовская область;Мужчины;городское население;263;247;231;277;250;218;202;157;160;181;164;151;119;134;111;79;90;82;78;68;71;58;82;81;84;88;73;43;50;27;20;41
        Саратовская область;Оба пола;все население;668;646;549;651;609;579;537;405;397;406;386;381;307;329;258;217;215;224;186;186;164;156;200;194;208;197;178;124;107;86;61;88
        Саратовская область;Оба пола;городское население;479;441;391;438;406;400;348;260;256;292;257;274;216;234;182;146;151;154;122;120;111;97;133;127;141;136;120;77;79;62;45;64
        Ульяновская область;Мужчины;все население;238;210;214;186;191;169;144;131;125;129;118;110;109;81;85;87;69;65;74;66;49;67;56;71;65;54;55;34;33;30;22;24
        Ульяновская область;Мужчины;городское население;165;130;156;114;133;111;98;93;92;96;81;77;75;55;56;59;47;48;53;45;32;51;37;52;47;42;39;24;28;20;16;20
        Ульяновская область;Оба пола;все население;385;346;360;318;324;293;232;215;194;211;188;180;181;149;133;151;117;111;127;106;87;105;101;126;120;97;100;65;65;48;43;41
        Ульяновская область;Оба пола;городское население;273;214;241;201;220;197;149;147;142;149;132;123;127;96;81;108;78;79;84;76;58;78;73;99;88;71;74;49;53;35;32;34
    Уральский федеральный округ;Мужчины;все население;1761;1579;1423;1418;1328;1257;1193;1083;1038;994;1020;971;895;887;884;785;727;740;698;656;624;645;777;751;686;604;546;477;381;361;305;296
    Уральский федеральный округ;Мужчины;городское население;1285;1138;1028;977;953;947;879;759;745;727;775;693;680;665;641;576;509;516;460;455;409;451;560;559;507;452;402;350;268;277;238;228
    Уральский федеральный округ;Оба пола;все население;2997;2692;2394;2466;2223;2205;2023;1820;1744;1747;1758;1633;1615;1591;1542;1372;1265;1241;1270;1183;1141;1142;1363;1352;1176;1068;960;815;706;636;532;520
    Уральский федеральный округ;Оба пола;городское население;2184;1952;1687;1712;1584;1616;1492;1298;1243;1264;1326;1194;1204;1192;1107;988;906;863;853;815;779;796;982;980;871;809;709;602;511;502;410;397
        Курганская область;Мужчины;все население;180;153;149;168;154;128;103;102;101;96;111;98;94;92;90;65;91;87;62;64;65;64;70;50;64;44;44;24;33;24;26;22
        Курганская область;Мужчины;городское население;76;79;54;59;79;58;38;50;50;51;71;58;59;59;44;32;41;41;22;39;34;33;36;28;35;21;22;11;20;14;16;16
        Курганская область;Оба пола;все население;308;269;250;290;247;230;165;160;166;185;201;171;162;151;155;125;146;132;118;125;103;109;107;105;105;66;73;42;59;38;46;38
        Курганская область;Оба пола;городское население;134;133;95;109;126;107;69;83;83;96;133;103;96;92;80;60;66;63;47;68;51;57;50;57;56;32;34;20;38;21;31;27
        Свердловская область;Мужчины;все население;545;506;471;441;454;385;436;346;326;308;326;302;279;298;280;278;220;233;218;203;186;175;254;247;205;189;187;150;124;118;96;94
        Свердловская область;Мужчины;городское население;441;412;389;336;370;330;352;274;266;241;280;234;244;252;234;213;177;183;154;154;138;145;199;200;161;161;147;124;91;101;81;81
        Свердловская область;Оба пола;все население;942;880;797;784;797;707;744;580;561;559;572;511;520;564;492;480;408;392;408;355;349;334;449;429;390;341;350;266;239;221;182;174
        Свердловская область;Оба пола;городское население;762;716;625;605;622;584;598;466;461;435;478;407;448;471;407;372;328;300;299;277;273;268;355;345;319;285;279;213;182;189;144;145
        Тюменская область;Мужчины;все население;554;507;439;421;374;392;311;298;293;273;263;263;226;228;234;205;205;197;200;177;165;201;221;223;208;193;158;157;106;120;99;97
        Тюменская область;Мужчины;городское население;397;338;320;298;263;290;234;187;196;194;182;166;146;162;161;148;132;129;124;110;98;126;153;159;151;135;119;104;67;89;74;74
        Тюменская область;Оба пола;все население;933;851;731;748;620;716;538;532;496;469;454;432;415;403;420;368;367;348;359;322;335;338;379;405;338;344;263;250;193;206;171;164
        Тюменская область;Оба пола;городское население;665;584;514;540;444;516;391;348;324;331;314;290;270;281;278;256;246;227;227;202;207;215;256;281;241;250;193;172;131;156;133;122
            Ханты-Мансийский автономный округ - Югра (Тюменская область);Мужчины;все население;232;214;195;197;160;169;136;109;125;107;92;93;97;86;83;86;86;75;68;52;49;74;73;78;77;66;56;67;32;43;38;50
            Ханты-Мансийский автономный округ - Югра (Тюменская область);Мужчины;городское население;208;185;176;173;143;152;118;86;106;95;81;81;87;77;69;79;73;62;54;46;43;59;67;73;70;60;52;57;30;40;35;45
            Ханты-Мансийский автономный округ - Югра (Тюменская область);Оба пола;все население;375;359;319;357;269;327;226;201;195;180;157;157;166;153;140;147;152;122;120;95;106;132;124;150;123;134;105;108;65;87;75;75
            Ханты-Мансийский автономный округ - Югра (Тюменская область);Оба пола;городское население;331;315;279;311;244;280;195;167;162;160;139;139;147;138;118;133;134;101;101;81;94;110;109;141;113;124;97;93;60;83;70;66
            Ямало-Ненецкий автономный округ (Тюменская область);Мужчины;все население;93;81;61;72;78;74;74;73;46;63;49;63;42;52;53;44;46;52;43;52;53;53;55;50;45;38;24;33;20;25;15;17
            Ямало-Ненецкий автономный округ (Тюменская область);Мужчины;городское население;58;49;45;46;55;53;55;46;30;44;30;30;19;31;31;28;21;31;23;25;22;24;32;34;31;24;15;17;11;15;10;8
            Ямало-Ненецкий автономный округ (Тюменская область);Оба пола;все население;163;132;115;133;120;136;125;126;93;98;85;97;92;89;97;80;92;100;89;87;101;88;93;93;76;65;44;51;41;38;25;32
            Ямало-Ненецкий автономный округ (Тюменская область);Оба пола;городское население;105;84;82;89;82;94;86;81;52;65;46;55;49;53;53;49;47;61;45;40;43;42;58;53;51;43;28;29;28;21;15;16
            Тюменская область (кроме Ханты-Мансийского автономного округа-Югры и Ямало-Ненецкого автономного округа);Мужчины;все население;229;212;183;152;136;149;101;116;122;103;122;107;87;90;98;75;73;70;89;73;63;74;93;95;86;89;78;57;54;52;46;30
            Тюменская область (кроме Ханты-Мансийского автономного округа-Югры и Ямало-Ненецкого автономного округа);Мужчины;городское население;131;104;99;79;65;85;61;55;60;55;71;55;40;54;61;41;38;36;47;39;33;43;54;52;50;51;52;30;26;34;29;21
            Тюменская область (кроме Ханты-Мансийского автономного округа-Югры и Ямало-Ненецкого автономного округа);Оба пола;все население;395;360;297;258;231;253;187;205;208;191;212;178;157;161;183;141;123;126;150;140;128;118;162;162;139;145;114;91;87;81;71;57
            Тюменская область (кроме Ханты-Мансийского автономного округа-Югры и Ямало-Ненецкого автономного округа);Оба пола;городское население;229;185;153;140;118;142;110;100;110;106;129;96;74;90;107;74;65;65;81;81;70;63;89;87;77;83;68;50;43;52;48;40
        Челябинская область;Мужчины;все население;482;413;364;388;346;352;343;337;318;317;320;308;296;269;280;237;211;223;218;212;208;205;232;231;209;178;157;146;118;99;84;83
        Челябинская область;Мужчины;городское население;371;309;265;284;241;269;255;248;233;241;242;235;231;192;202;183;159;163;160;152;139;147;172;172;160;135;114;111;90;73;67;57
        Челябинская область;Оба пола;все население;814;692;616;644;559;552;576;548;521;534;531;519;518;473;475;399;344;369;385;381;354;361;428;413;343;317;274;257;215;171;133;144
        Челябинская область;Оба пола;городское население;623;519;453;458;392;409;434;401;375;402;401;394;390;348;342;300;266;273;280;268;248;256;321;297;255;242;203;197;160;136;102;103
    Сибирский федеральный округ;Мужчины;все население;3637;3358;2905;2847;2592;2352;2338;2220;2134;2247;2010;2042;1947;1876;1726;1622;1486;1480;1370;1425;1308;1227;1539;1377;1283;1127;1024;884;701;584;505;502
    Сибирский федеральный округ;Мужчины;городское население;2334;2126;1821;1780;1636;1450;1498;1369;1331;1381;1255;1289;1218;1177;1069;1042;914;883;842;831;771;755;943;845;793;705;656;581;474;397;364;334
    Сибирский федеральный округ;Оба пола;все население;6067;5695;4951;4917;4387;4040;3938;3763;3603;3858;3453;3480;3393;3158;2967;2764;2581;2563;2409;2486;2294;2122;2684;2428;2227;1929;1779;1540;1216;1058;939;841
    Сибирский федеральный округ;Оба пола;городское население;3878;3614;3116;3073;2737;2505;2477;2323;2252;2374;2170;2150;2135;1959;1855;1753;1596;1560;1440;1462;1362;1295;1653;1465;1414;1189;1140;984;806;713;649;589
        Республика Алтай;Мужчины;все население;70;46;52;42;45;45;53;36;43;42;40;34;48;48;36;30;29;29;32;24;16;26;34;33;24;22;18;23;14;18;12;18
        Республика Алтай;Мужчины;городское население;19;12;20;12;12;12;15;9;10;12;10;8;15;15;6;7;8;12;10;7;3;8;8;4;6;3;1;6;6;4;0;7
        Республика Алтай;Оба пола;все население;121;82;100;79;77;80;91;68;68;79;68;60;72;81;62;50;52;55;50;41;40;51;61;56;42;41;40;35;28;33;22;21
        Республика Алтай;Оба пола;городское население;36;25;34;19;18;23;29;20;15;26;18;14;23;23;14;14;15;21;13;12;8;15;14;7;8;5;8;9;9;8;1;8
        Республика Тыва;Мужчины;все население;172;133;118;120;105;94;125;95;89;107;72;81;92;104;75;64;52;65;60;83;59;70;92;74;71;62;46;36;30;21;19;19
        Республика Тыва;Мужчины;городское население;84;60;42;48;48;40;61;37;44;47;45;33;46;56;44;27;20;26;20;34;20;28;36;41;26;28;23;16;14;9;9;7
        Республика Тыва;Оба пола;все население;272;243;218;226;162;172;209;171;152;177;146;140;159;173;125;116;90;118;103;131;107;114;150;138;123;110;83;61;62;41;36;37
        Республика Тыва;Оба пола;городское население;124;103;71;105;69;72;100;65;69;75;83;55;72;85;65;51;38;49;33;56;42;48;65;64;52;49;39;27;25;21;19;12
        Республика Хакасия;Мужчины;все население;95;92;79;84;69;88;90;72;85;76;75;67;78;69;59;64;57;60;43;37;41;36;62;56;39;41;42;19;14;13;11;23
        Республика Хакасия;Мужчины;городское население;67;54;51;53;43;60;63;53;52;41;43;43;35;45;35;38;34;31;28;24;20;15;32;26;23;20;22;12;9;9;9;17
        Республика Хакасия;Оба пола;все население;164;145;148;134;129;144;164;115;142;116;133;115;126;117;101;109;100;98;90;66;68;76;109;84;69;70;67;35;26;22;21;31
        Республика Хакасия;Оба пола;городское население;104;87;90;83;72;93;101;74;86;62;76;67;66;73;58;66;59;46;52;41;32;35;55;43;39;34;36;21;19;14;16;24
        Алтайский край;Мужчины;все население;327;345;314;324;293;288;250;218;206;220;227;207;221;190;201;170;152;159;158;166;156;138;183;165;151;143;126;106;96;60;50;58
        Алтайский край;Мужчины;городское население;185;188;187;189;171;137;114;86;104;106;107;103;104;95;93;82;81;70;76;83;69;76;91;77;79;83;74;66;60;29;27;26
        Алтайский край;Оба пола;все население;522;567;529;560;497;490;405;375;340;391;371;341;360;316;346;307;287;284;276;277;291;238;330;290;275;222;211;185;176;114;97;88
        Алтайский край;Оба пола;городское население;305;322;299;311;271;229;185;162;164;195;171;163;173;148;151;147;144;127;138;127;135;131;157;136;158;128;124;106;106;54;53;46
        Красноярский край;Мужчины;все население;535;502;468;450;407;375;387;333;391;385;336;344;301;279;252;262;249;248;192;226;210;156;228;184;197;156;126;128;108;108;89;93
        Красноярский край;Мужчины;городское население;330;314;288;280;267;241;259;207;234;239;207;225;202;173;159;183;140;158;116;129;128;98;142;109;130;99;81;85;76;81;73;62
        Красноярский край;Оба пола;все население;918;852;777;754;679;609;614;593;628;675;606;603;520;459;430;442;411;407;353;396;353;299;397;339;342;255;238;228;187;196;153;158
        Красноярский край;Оба пола;городское население;572;537;479;471;440;395;409;387;381;427;379;394;339;287;279;293;244;263;209;229;223;176;253;204;227;153;154;146;126;140;109;114
        Иркутская область;Мужчины;все население;558;481;410;435;397;308;320;307;284;343;241;298;255;260;239;234;202;214;192;211;210;184;216;219;197;155;132;140;131;96;99;80
        Иркутская область;Мужчины;городское население;392;335;277;303;264;218;237;211;196;244;161;204;168;176;163;157;144;141;131;131;134;114;153;145;140;106;92;93;87;65;72;53
        Иркутская область;Оба пола;все население;918;827;705;729;649;544;550;528;518;574;446;494;465;429;398;382;363;365;344;383;365;332;366;377;327;258;224;232;222;171;167;137
        Иркутская область;Оба пола;городское население;637;577;488;502;439;377;396;361;358;393;303;318;306;285;272;266;255;243;231;239;242;208;246;257;242;167;152;153;152;122;118;99
        Кемеровская область - Кузбасс;Мужчины;все население;494;444;371;348;317;284;282;271;265;305;261;243;232;208;203;214;194;173;179;180;177;163;174;145;144;139;143;124;90;88;69;69
        Кемеровская область - Кузбасс;Мужчины;городское население;409;353;292;275;248;227;236;226;222;252;213;187;188;171;170;177;155;144;147;141;138;125;138;117;110;111;117;102;76;78;55;59
        Кемеровская область - Кузбасс;Оба пола;все население;801;782;621;632;546;539;500;458;472;524;434;417;401;357;359;360;328;318;313;314;303;262;330;273;260;230;240;202;141;150;129;119
        Кемеровская область - Кузбасс;Оба пола;городское население;662;628;508;508;419;431;401;373;397;423;355;331;331;290;289;294;254;263;249;248;237;207;275;217;201;191;195;164;118;127;109;103
        Новосибирская область;Мужчины;все население;419;390;323;286;259;229;224;241;208;187;214;211;205;199;205;180;143;155;156;156;149;145;186;145;145;133;145;87;97;82;81;78
        Новосибирская область;Мужчины;городское население;288;241;202;166;162;137;141;162;130;114;124;144;130;119;132;118;94;99;100;96;98;111;151;107;100;101;108;64;75;60;68;56
        Новосибирская область;Оба пола;все население;694;649;559;514;450;374;388;391;338;338;347;362;371;334;350;308;269;255;252;290;259;251;314;262;262;234;239;173;168;150;164;145
        Новосибирская область;Оба пола;городское население;462;392;366;311;285;220;246;257;213;214;205;245;244;207;232;207;179;165;161;188;170;183;247;195;185;178;177;125;130;111;130;107
        Омская область;Мужчины;все население;328;312;288;285;242;206;190;228;187;158;151;151;147;156;146;125;113;116;119;105;102;95;128;130;140;115;93;86;86;74;52;36
        Омская область;Мужчины;городское население;202;174;168;154;138;119;106;141;117;101;100;90;94;91;78;87;62;63;70;53;60;54;75;82;80;67;53;52;51;46;32;27
        Омская область;Оба пола;все население;562;546;475;483;389;365;326;361;286;253;244;246;266;262;249;211;189;212;193;179;169;158;233;213;221;189;166;159;145;133;105;65
        Омская область;Оба пола;городское население;352;317;279;269;220;222;182;222;181;161;156;139;166;152;141;141;108;125;112;94;95;94;139;130;131;113;100;98;84;82;61;49
        Томская область;Мужчины;все население;143;144;118;127;87;123;117;116;107;120;118;99;111;113;80;86;97;82;88;87;48;66;78;62;38;25;43;38;35;24;23;28
        Томская область;Мужчины;городское население;88;88;77;87;49;71;69;59;66;53;73;64;76;79;59;65;64;47;61;64;26;43;44;42;19;11;25;24;20;16;19;20
        Томская область;Оба пола;все население;254;213;201;211;165;205;196;199;173;215;195;171;194;190;159;148;158;137;144;142;89;97;124;101;69;68;69;57;61;48;45;40
        Томская область;Оба пола;городское население;163;136;132;137;89;121;109;109;100;107;129;105;136;134;111;104;109;91;94;103;45;62;72;62;35;33;39;38;37;34;33;27
    Дальневосточный федеральный округ;Мужчины;все население;1379;1197;1141;1035;1009;925;857;838;784;784;730;732;684;713;639;600;546;547;498;510;452;427;537;554;445;368;304;255;316;290;275;246
    Дальневосточный федеральный округ;Мужчины;городское население;948;802;749;656;651;630;557;545;514;528;498;490;460;489;430;380;367;342;325;331;292;269;371;393;318;260;216;175;220;202;195;163
    Дальневосточный федеральный округ;Оба пола;все население;2357;2091;1879;1777;1717;1603;1474;1386;1393;1315;1232;1257;1136;1215;1125;1026;941;958;880;877;799;757;944;954;788;647;544;441;530;524;457;436
    Дальневосточный федеральный округ;Оба пола;городское население;1600;1400;1246;1115;1129;1085;950;887;923;899;841;839;787;855;773;672;628;604;591;575;528;494;649;666;545;449;374;317;361;356;306;301
        Республика Бурятия;Мужчины;все население;229;211;135;132;144;120;115;129;112;129;133;131;117;100;113;109;100;97;61;80;70;83;83;74;57;60;59;52;54;44;34;29
        Республика Бурятия;Мужчины;городское население;114;133;76;74;87;66;69;77;52;62;75;71;57;47;55;50;49;43;26;32;36;36;34;38;23;28;27;33;31;24;21;15
        Республика Бурятия;Оба пола;все население;381;365;233;231;244;187;188;214;195;215;207;220;205;188;183;173;175;173;139;150;119;134;140;144;110;118;107;89;85;77;69;52
        Республика Бурятия;Оба пола;городское население;190;217;123;126;154;100;112;114;97;95;122;118;97;94;99;81;88;81;57;62;59;61;58;63;50;53;52;48;45;40;40;27
        Забайкальский край;Мужчины;все население;267;258;229;214;227;192;185;174;157;175;142;176;140;150;117;84;98;82;90;70;70;65;75;90;80;76;51;45;50;51;42;48
        Забайкальский край;Мужчины;городское население;156;174;141;139;147;122;128;101;104;110;97;117;103;110;75;51;63;49;57;37;39;47;39;57;57;48;33;28;35;25;22;29
        Забайкальский край;Оба пола;все население;460;424;385;364;400;331;307;290;291;301;256;311;254;252;205;158;159;141;152;117;131;110;130;151;127;134;95;84;96;88;64;90
        Забайкальский край;Оба пола;городское население;271;273;247;231;261;222;207;179;191;196;173;201;182;181;144;89;103;86;91;63;74;75;72;87;86;85;64;49;70;50;33;56
        Республика Саха (Якутия);Мужчины;все население;256;258;244;213;210;178;158;162;142;148;139;132;123;115;123;87;93;89;69;72;67;61;86;92;74;73;64;40;36;26;36;21
        Республика Саха (Якутия);Мужчины;городское население;143;135;131;108;106;101;76;94;77;78;70;72;66;75;74;56;59;47;41;42;27;33;50;59;54;45;41;19;23;21;22;11
        Республика Саха (Якутия);Оба пола;все население;436;429;392;368;365;308;283;275;269;243;230;232;210;188;197;146;145;156;140;141;116;103;162;160;136;125;112;73;66;57;67;41
        Республика Саха (Якутия);Оба пола;городское население;236;227;204;183;172;168;133;155;144;130;120;129;120;122;117;97;89;84;86;81;56;58;90;105;88;74;70;41;42;37;34;27
        Камчатский край;Мужчины;все население;61;41;48;44;45;29;32;33;40;26;36;33;33;33;31;23;24;23;19;29;24;17;28;26;24;25;18;13;11;16;10;7
        Камчатский край;Мужчины;городское население;47;28;33;32;30;21;19;24;29;20;32;28;26;25;28;12;16;16;18;25;20;13;21;18;16;16;14;11;8;14;9;3
        Камчатский край;Оба пола;все население;99;70;81;84;78;59;50;59;67;49;55;53;54;55;51;40;47;34;30;48;37;40;47;44;42;38;37;22;20;29;14;15
        Камчатский край;Оба пола;городское население;77;48;53;57;57;39;28;39;45;35;47;43;42;44;45;25;34;24;28;40;28;31;37;33;27;25;30;17;14;22;11;11
        Приморский край;Мужчины;все население;349;360;318;272;284;283;281;209;206;201;208;188;166;207;163;161;122;145;133;149;118;133;149;169;134;101;86;75;62;63;59;59
        Приморский край;Мужчины;городское население;254;260;221;187;206;200;192;147;141;139;143;130;116;136;104;97;80;96;87;92;87;81;112;119;92;75;62;49;43;47;45;45
        Приморский край;Оба пола;все население;618;623;521;480;473;461;453;359;344;348;349;312;268;378;283;278;224;253;232;247;222;227;254;291;226;190;156;137;95;116;95;95
        Приморский край;Оба пола;городское население;448;445;381;325;350;330;323;244;234;243;244;219;188;265;189;172;149;163;154;162;153;151;188;201;149;139;111;98;67;83;69;75
        Хабаровский край;Мужчины;все население;268;194;172;178;166;147;122;149;134;143;115;142;138;142;137;112;108;114;121;101;104;93;126;136;96;69;63;62;49;33;35;33
        Хабаровский край;Мужчины;городское население;214;151;133;124;123;107;89;99;86;104;85;104;103;105;97;75;84;77;84;76;74;68;95;114;75;58;54;56;46;30;32;28
        Хабаровский край;Оба пола;все население;462;345;301;310;299;263;211;222;256;238;213;245;231;238;233;203;191;193;197;181;183;182;211;226;180;119;108;98;74;59;58;58
        Хабаровский край;Оба пола;городское население;354;278;224;218;230;196;148;157;180;175;155;183;182;181;165;136;140;133;142;134;136;134;162;184;146;97;88;88;65;52;53;49
        Амурская область;Мужчины;все население;213;161;173;152;144;144;122;167;145;171;136;129;121;111;105;139;113;97;93;95;84;76;89;62;59;45;29;26;24;23;30;24
        Амурская область;Мужчины;городское население;126;91;107;88;74;88;74;97;89;111;85;73;67;69;65;88;68;53;50;52;48;47;53;32;39;27;17;14;14;14;21;14
        Амурская область;Оба пола;все население;343;293;280;244;242;250;245;268;246;270;224;232;198;189;188;201;182;177;175;148;147;121;161;119;101;83;53;48;46;43;42;36
        Амурская область;Оба пола;городское население;201;169;174;136;131;151;145;150;160;179;139;126;111;119;118;125;112;104;103;80;87;70;98;69;62;52;30;28;29;27;29;21
        Магаданская область;Мужчины;все население;56;54;29;28;28;17;29;17;16;18;17;12;17;15;11;8;17;12;9;10;9;8;12;7;8;7;4;4;5;6;2;5
        Магаданская область;Мужчины;городское население;47;50;24;23;23;14;24;14;14;18;17;10;16;15;11;6;17;10;7;8;9;8;10;7;8;7;4;4;5;6;2;5
        Магаданская область;Оба пола;все население;93;82;55;44;44;32;41;37;26;30;29;22;30;24;24;23;26;26;18;21;17;13;16;17;11;9;6;6;5;8;4;7
        Магаданская область;Оба пола;городское население;76;71;44;39;36;27;35;29;23;29;29;20;28;22;24;21;25;22;14;19;17;13;14;17;11;9;6;6;5;8;4;7
        Сахалинская область;Мужчины;все население;110;65;71;65;71;78;47;56;58;34;49;54;47;49;38;46;42;33;36;24;19;15;16;26;24;20;15;17;11;15;15;5
        Сахалинская область;Мужчины;городское население;89;53;58;52;57;70;43;48;49;33;49;49;43;41;35;36;31;28;29;19;13;9;9;21;18;17;11;14;9;13;12;5
        Сахалинская область;Оба пола;все население;171;115;120;110;118;136;80;91;100;67;78;90;81;73;84;87;76;54;51;45;36;26;40;35;41;41;26;29;17;25;25;16
        Сахалинская область;Оба пола;городское население;142;93;101;85;100;122;72;74;88;64;73;83;76;62;78;71;57;40;42;35;28;17;27;24;33;33;17;25;12;22;20;14
        Еврейская автономная область;Мужчины;все население;44;44;61;59;44;32;49;30;31;30;21;24;26;31;23;17;17;27;15;25;15;17;25;28;18;18;20;14;10;8;8;11
        Еврейская автономная область;Мужчины;городское население;17;26;29;30;24;20;31;16;21;21;15;17;16;19;12;9;8;14;8;16;8;8;18;21;13;12;12;7;4;7;5;8
        Еврейская автономная область;Оба пола;все население;94;94;85;95;76;62;79;49;57;50;38;41;43;51;49;34;32;51;30;37;25;35;38;46;35;31;35;21;18;16;11;18
        Еврейская автономная область;Оба пола;городское население;45;50;46;50;45;37;51;25;34;36;29;26;30;30;29;21;17;31;19;21;16;17;27;30;21;17;19;12;9;13;6;12
        Чукотский автономный округ;Мужчины;все население;22;20;25;24;17;17;17;15;12;13;9;18;13;10;8;7;10;7;3;5;12;7;6;8;8;10;5;4;4;5;4;4
        Чукотский автономный округ;Мужчины;городское население;11;8;13;12;8;9;9;6;8;4;2;7;7;4;4;1;4;1;1;1;6;2;3;2;3;3;1;1;2;1;4;0
        Чукотский автономный округ;Оба пола;все население;41;40;44;42;22;32;32;26;28;20;16;30;21;19;16;14;18;14;7;9;16;10;15;16;16;11;11;7;8;6;8;8
        Чукотский автономный округ;Оба пола;городское население;21;19;19;22;8;15;15;14;15;8;5;10;10;10;8;4;5;3;3;3;7;3;6;3;8;3;3;2;3;2;7;2
