Субъект;Место;1990;1991;1992;1993;1994;1995;1996;1997;1998;1999;2000;2001;2002;2003;2004;2005;2006;2007;2008;2009;2010;2011;2012;2013;2014;2015;2016;2017;2018;2019;2020;2021
Российская Федерация;все население;559918;597930;639248;663282;680494;665904;562373;555160;501654;532533;627703;763493;853647;798824;635835;604942;640837;685910;703412;699430;8;669376;644101;667971;693730;611646;608336;611436;583942;620730;564704;644209
Российская Федерация;городское население;;;;;;;;;;;;;;;;;;;;;;523697;502494;520304;539405;481771;479641;483184;463046;494683;444748;503040
Российская Федерация;сельское население;;;;;;;;;;;;;;;;;;;;;;145679;141607;147667;154325;129875;128695;128252;120896;126047;119956;141169
    Центральный федеральный округ;все население;153624;161194;171040;182178;184195;179835;158578;155350;143687;147954;172098;204060;220839;202864;170864;162804;167353;179574;186234;186845;169508;174079;166889;175840;178701;161463;159704;162939;153515;168393;147979;165017
    Центральный федеральный округ;городское население;;;;;;;;;;;;;;;;;;;;;;144307;137647;145214;146618;134984;134140;137214;129265;142904;124367;137340
    Центральный федеральный округ;сельское население;;;;;;;;;;;;;;;;;;;;;;29772;29242;30626;32083;26479;25564;25725;24250;25489;23612;27677
        Белгородская область;все население;5176;5354;6042;6574;7271;7300;6558;6203;5529;6079;6853;8214;8995;8194;6510;6070;5944;6550;6641;6765;6612;6978;6916;7718;7654;6774;6787;6782;6753;6519;6345;6667
        Белгородская область;городское население;;;;;;;;;;;;;;;;;;;;;;5034;4803;5325;5245;4690;4750;4702;4708;4542;4547;4617
        Белгородская область;сельское население;;;;;;;;;;;;;;;;;;;;;;1944;2113;2393;2409;2084;2037;2080;2045;1977;1798;2050
        Брянская область;все население;5172;5733;6574;7036;7695;7795;5685;5754;3939;4577;6167;8541;8877;7884;6166;5693;6395;6751;7056;6996;6278;6586;6649;5908;7121;5883;5804;5529;5401;5406;5173;5255
        Брянская область;городское население;;;;;;;;;;;;;;;;;;;;;;4886;4853;4306;5125;4366;4345;4125;4055;4070;3867;3937
        Брянская область;сельское население;;;;;;;;;;;;;;;;;;;;;;1700;1796;1602;1996;1517;1459;1404;1346;1336;1306;1318
        Владимирская область;все население;5637;6110;7025;7507;7678;7799;5691;5762;4718;5490;6516;7927;8660;7534;6303;6109;6575;6817;7133;6990;6391;6745;6485;6945;6795;5861;5592;5798;5508;5503;4771;5719
        Владимирская область;городское население;;;;;;;;;;;;;;;;;;;;;;5367;5159;5557;5375;4808;4585;4726;4478;4486;3930;4695
        Владимирская область;сельское население;;;;;;;;;;;;;;;;;;;;;;1378;1326;1388;1420;1053;1007;1072;1030;1017;841;1024
        Воронежская область;все население;9169;10044;10678;10982;11347;10996;9365;8975;8700;9329;10334;14153;16216;14962;11390;10405;10088;11474;12048;12578;11060;11589;10848;11701;11204;9666;9617;9546;9652;10138;9492;9572
        Воронежская область;городское население;;;;;;;;;;;;;;;;;;;;;;8164;7606;8279;7813;6915;6902;6865;6962;7376;6920;6964
        Воронежская область;сельское население;;;;;;;;;;;;;;;;;;;;;;3425;3242;3422;3391;2751;2715;2681;2690;2762;2572;2608
        Ивановская область;все население;4121;4476;5282;6061;6244;6184;4113;3641;3824;3394;4397;5468;5827;5688;4720;4641;4779;4820;5152;5147;4450;4801;4589;4908;4967;4255;4217;4085;3961;4082;3985;4342
        Ивановская область;городское население;;;;;;;;;;;;;;;;;;;;;;4024;3855;4087;4123;3591;3543;3455;3318;3419;3386;3655
        Ивановская область;сельское население;;;;;;;;;;;;;;;;;;;;;;777;734;821;844;664;674;630;643;663;599;687
        Калужская область;все население;4152;4367;4657;5285;5440;5469;4846;4436;3573;3905;4748;6306;6402;6115;4807;4492;4688;4956;5304;5392;4718;5022;4916;4390;5073;4490;4532;4630;4468;4922;4355;5263
        Калужская область;городское население;;;;;;;;;;;;;;;;;;;;;;3963;3896;3489;4002;3601;3628;3694;3615;3930;3415;4152
        Калужская область;сельское население;;;;;;;;;;;;;;;;;;;;;;1059;1020;901;1071;889;904;936;853;992;940;1111
        Костромская область;все население;2067;2325;2917;3197;3336;3564;2411;2566;1908;2013;2616;4181;3713;3821;2829;2727;2906;3234;3330;3273;3033;3154;3144;3350;3381;2809;2735;2759;2582;2807;2553;2674
        Костромская область;городское население;;;;;;;;;;;;;;;;;;;;;;2330;2330;2465;2502;2119;2080;2058;1961;2169;1942;2048
        Костромская область;сельское население;;;;;;;;;;;;;;;;;;;;;;824;814;885;879;690;655;701;621;638;611;626
        Курская область;все население;4525;4682;4990;5168;5533;5492;4691;4786;3767;4667;5566;6732;7816;7256;5875;5432;5320;5666;6039;5828;5301;5813;5582;4741;5820;5001;4911;4969;4936;4871;4540;4764
        Курская область;городское население;;;;;;;;;;;;;;;;;;;;;;4058;3870;3381;4092;3574;3555;3550;3551;3533;3357;3444
        Курская область;сельское население;;;;;;;;;;;;;;;;;;;;;;1755;1712;1360;1728;1427;1356;1419;1385;1338;1183;1320
        Липецкая область;все население;4633;4908;5430;5622;5930;5760;5446;5200;4392;4676;5361;6905;7422;7420;5681;5615;5753;5957;6035;5823;5192;5499;5145;5707;5703;4930;4885;4990;4706;4914;4849;5171
        Липецкая область;городское население;;;;;;;;;;;;;;;;;;;;;;3624;3361;3769;3760;3364;3329;3366;3184;3343;3306;3525
        Липецкая область;сельское население;;;;;;;;;;;;;;;;;;;;;;1875;1784;1938;1943;1566;1556;1624;1522;1571;1543;1646
        Московская область;все население;29836;31292;34090;35687;35124;34298;30170;30385;28913;29059;33765;37733;40897;37696;32323;32387;33421;35201;37069;37229;33955;34822;32437;35264;35560;33718;33910;34789;29415;37500;31879;35698
        Московская область;городское население;;;;;;;;;;;;;;;;;;;;;;28901;27112;29112;29463;28512;29074;30217;25623;33391;28002;30029
        Московская область;сельское население;;;;;;;;;;;;;;;;;;;;;;5921;5325;6152;6097;5206;4836;4572;3792;4109;3877;5669
        Орловская область;все население;3099;3383;3603;3843;4048;4039;3313;3266;2657;2963;3792;4052;5265;4699;3381;3179;3374;3781;3954;3971;3628;3732;3761;3361;3982;3432;3236;3324;2841;3307;2795;3257
        Орловская область;городское население;;;;;;;;;;;;;;;;;;;;;;2530;2554;2264;2649;2333;2207;2265;1952;2211;1879;2245
        Орловская область;сельское население;;;;;;;;;;;;;;;;;;;;;;1202;1207;1097;1333;1099;1029;1059;889;1096;916;1012
        Рязанская область;все население;4504;4708;5015;5614;5826;5683;4779;4437;4683;4447;6026;8160;9917;8401;5707;4866;5104;5722;5651;5848;5270;5127;5141;5566;5470;4992;4839;5037;4718;4979;4376;4759
        Рязанская область;городское население;;;;;;;;;;;;;;;;;;;;;;3907;3878;4093;4042;3671;3582;3719;3483;3746;3352;3568
        Рязанская область;сельское население;;;;;;;;;;;;;;;;;;;;;;1220;1263;1473;1428;1321;1257;1318;1235;1233;1024;1191
        Смоленская область;все население;4594;4844;5397;5534;5718;5499;4407;4683;3414;3936;5142;6888;6981;6462;5065;4880;4566;5253;5406;5606;5033;5128;4972;5180;5189;4486;4321;4311;4155;4359;4014;4083
        Смоленская область;городское население;;;;;;;;;;;;;;;;;;;;;;3936;3863;4014;3959;3524;3393;3383;3163;3340;3117;3169
        Смоленская область;сельское население;;;;;;;;;;;;;;;;;;;;;;1192;1109;1166;1230;962;928;928;992;1019;897;914
        Тамбовская область;все население;3925;4329;4449;4897;5371;5379;4438;4215;3665;3922;5077;6077;6784;5825;4601;4222;4505;5083;5102;5089;4578;4572;4571;5011;4914;4283;4116;4136;3908;3998;3560;3992
        Тамбовская область;городское население;;;;;;;;;;;;;;;;;;;;;;2919;2992;3245;3169;2796;2689;2700;2572;2624;2362;2626
        Тамбовская область;сельское население;;;;;;;;;;;;;;;;;;;;;;1653;1579;1766;1745;1487;1427;1436;1336;1374;1198;1366
        Тверская область;все население;6227;6511;7165;7935;7906;7568;5936;5675;5324;5264;6326;7466;8691;7672;6443;5937;6142;6647;7243;7447;6498;6629;6429;6328;6595;5706;5482;5731;5447;5592;5109;5458
        Тверская область;городское население;;;;;;;;;;;;;;;;;;;;;;5159;4968;4898;5073;4488;4307;4480;4204;4398;4017;4324
        Тверская область;сельское население;;;;;;;;;;;;;;;;;;;;;;1470;1461;1430;1522;1218;1175;1251;1243;1194;1092;1134
        Тульская область;все население;7905;8363;8827;9172;8871;9123;7083;6532;6347;6643;7701;9043;10455;9438;7865;7310;7006;7266;7760;8249;7251;7271;6957;7630;7513;6172;6237;6327;6042;6116;5580;6176
        Тульская область;городское население;;;;;;;;;;;;;;;;;;;;;;5863;5557;6131;5841;4778;4875;4963;4760;4819;4398;4693
        Тульская область;сельское население;;;;;;;;;;;;;;;;;;;;;;1408;1400;1499;1672;1394;1362;1364;1282;1297;1182;1483
        Ярославская область;все население;5502;5806;6879;7223;8166;7751;5421;4869;5224;4488;5885;7544;7200;6978;5667;5461;5762;6247;6484;6483;5721;6164;5962;6450;6382;5445;5195;5187;5080;5400;4669;5584
        Ярославская область;городское население;;;;;;;;;;;;;;;;;;;;;;5195;4946;5341;5274;4638;4395;4382;4216;4521;3898;4666
        Ярославская область;сельское население;;;;;;;;;;;;;;;;;;;;;;969;1016;1109;1108;807;800;805;864;879;771;918
        Город Москва столица Российской Федерации город федерального значения;все население;43380;43959;42020;44841;42691;40136;44225;43965;43110;43102;45826;48670;50721;46819;45531;43378;45025;48149;48827;48131;44539;44447;42385;45682;45378;43560;43288;45009;43942;47980;39934;46583
        Город Москва столица Российской Федерации город федерального значения;городское население;;;;;;;;;;;;;;;;;;;;;;44447;42044;45458;45111;43216;42901;44564;43460;46986;38672;44983
        Город Москва столица Российской Федерации город федерального значения;сельское население;;;;;;;;;;;;;;;;;;;;;;0;341;224;267;344;387;445;482;994;1262;1600
    Северо-Западный федеральный округ;все население;67683;72447;78519;82124;82857;77747;61500;61612;56106;59774;69641;82193;89032;85353;67185;63990;67362;72242;74664;73114;67107;69871;67786;71880;71373;63216;63888;63691;63748;65748;57490;63552
    Северо-Западный федеральный округ;городское население;;;;;;;;;;;;;;;;;;;;;;60025;57950;61799;61077;54952;55516;55382;55568;57832;50166;55605
    Северо-Западный федеральный округ;сельское население;;;;;;;;;;;;;;;;;;;;;;9846;9836;10081;10296;8264;8372;8309;8180;7916;7324;7947
        Республика Карелия;все население;2623;3157;3726;4271;4447;4397;3338;3393;2591;2857;3407;4215;4304;3868;3035;3071;3164;3403;3543;3349;3018;3247;3030;3344;3270;2725;2814;2748;2473;2839;2392;2676
        Республика Карелия;городское население;;;;;;;;;;;;;;;;;;;;;;2532;2343;2634;2582;2206;2265;2266;2002;2340;1987;2238
        Республика Карелия;сельское население;;;;;;;;;;;;;;;;;;;;;;715;687;710;688;519;549;482;471;499;405;438
        Республика Коми;все население;5184;6007;6600;6540;6985;6531;4794;4340;4378;4107;5072;6072;6223;5544;4916;4427;4698;5005;5259;5268;4648;4795;4707;4924;4841;4112;4133;4229;3820;3862;3409;3754
        Республика Коми;городское население;;;;;;;;;;;;;;;;;;;;;;3944;3775;4055;3861;3379;3386;3432;3122;3194;2787;3100
        Республика Коми;сельское население;;;;;;;;;;;;;;;;;;;;;;851;932;869;980;733;747;797;698;668;622;654
        Архангельская область;все население;4758;5405;5882;6561;6768;6455;4724;4532;3809;4139;5118;6701;7586;7338;5508;5210;5613;6213;6527;6415;5806;6284;5883;6444;6240;5120;5005;4976;4961;4871;4542;5152
        Архангельская область;городское население;;;;;;;;;;;;;;;;;;;;;;4975;4568;4997;4811;4053;3891;3977;3939;3892;3557;4067
        Архангельская область;сельское население;;;;;;;;;;;;;;;;;;;;;;1309;1315;1447;1429;1067;1114;999;1022;979;985;1085
            Ненецкий автономный округ (Архангельская область);все население;213;199;209;204;192;108;163;106;87;115;169;242;234;222;165;151;185;191;220;211;218;222;197;242;227;173;185;136;163;176;158;176
            Ненецкий автономный округ (Архангельская область);городское население;;;;;;;;;;;;;;;;;;;;;;176;157;189;180;138;149;114;138;144;134;138
            Ненецкий автономный округ (Архангельская область);сельское население;;;;;;;;;;;;;;;;;;;;;;46;40;53;47;35;36;22;25;32;24;38
            Архангельская область (без АО);все население;4545;5206;5673;6357;6576;6347;4561;4426;3722;4024;4949;6459;7352;7116;5343;5059;5428;6022;6307;6204;6800;6700;7400;7700;6013;4947;4820;4840;4798;4695;4384;4976
            Архангельская область (без АО);городское население;;;;;;;;;;;;;;;;;;;;;;5;7;8;4631;3915;3742;3863;3801;3748;3423;3929
            Архангельская область (без АО);сельское население;;;;;;;;;;;;;;;;;;;;;;10;8;8;1382;1032;1078;977;997;947;961;1047
        Вологодская область;все население;3811;4403;4921;5834;5887;5452;4369;4068;3532;4073;4647;6214;6504;7286;5466;5756;6213;6647;6587;5430;5091;5273;5567;5434;5610;4380;4640;4700;4530;4657;4253;4966
        Вологодская область;городское население;;;;;;;;;;;;;;;;;;;;;;3911;4087;4027;4127;3303;3521;3570;3498;3584;3307;3854
        Вологодская область;сельское население;;;;;;;;;;;;;;;;;;;;;;1362;1480;1407;1483;1077;1119;1130;1032;1073;946;1112
        Калининградская область;все население;4142;4554;5004;5264;5491;5530;4526;4231;4527;4071;4598;5369;5491;5065;4554;4197;4558;4890;5097;5401;4997;5395;5237;5732;5547;5273;5177;5039;5219;5496;5040;4937
        Калининградская область;городское население;;;;;;;;;;;;;;;;;;;;;;4252;4136;4564;4353;4182;4096;4053;4200;4419;3993;3929
        Калининградская область;сельское население;;;;;;;;;;;;;;;;;;;;;;1143;1101;1168;1194;1091;1081;986;1019;1077;1047;1008
        Ленинградская область;все население;7762;8616;9613;10100;10730;10245;7408;7076;6080;6855;7643;9243;11303;10927;8016;7524;7718;8257;8478;8343;7824;8100;7904;8378;8197;7309;7316;7457;7567;7637;6426;7267
        Ленинградская область;городское население;;;;;;;;;;;;;;;;;;;;;;5591;5522;5723;5643;5126;5127;5149;5221;5365;4656;5169
        Ленинградская область;сельское население;;;;;;;;;;;;;;;;;;;;;;2509;2382;2655;2554;2183;2189;2308;2346;2272;1770;2098
        Мурманская область;все население;5916;6868;7211;6853;7484;6776;5247;5275;5039;5102;5919;6709;6982;6462;5604;5640;5718;5742;5838;5868;5041;5068;4787;4853;4800;4107;4160;4029;3881;4020;3367;3514
        Мурманская область;городское население;;;;;;;;;;;;;;;;;;;;;;4706;4471;4513;4486;3882;3928;3772;3659;3797;3173;3305
        Мурманская область;сельское население;;;;;;;;;;;;;;;;;;;;;;362;316;340;314;225;232;257;222;223;194;209
        Новгородская область;все население;2740;3102;3522;3710;3856;3520;2812;2671;2063;2477;2861;3468;3876;3510;2732;2822;2969;3179;3226;3429;2984;3052;3087;2785;3105;2784;2790;2806;2667;2808;2731;2740
        Новгородская область;городское население;;;;;;;;;;;;;;;;;;;;;;2294;2282;2079;2259;2091;2104;2128;1989;2171;2021;2093
        Новгородская область;сельское население;;;;;;;;;;;;;;;;;;;;;;758;805;706;846;693;686;678;678;637;710;647
        Псковская область;все население;2976;3224;3786;4323;4334;4343;3123;2855;2416;2731;3279;3825;4126;3613;2889;2700;2840;3112;3295;3326;2986;3229;3091;3323;3121;2752;2800;2824;2702;2600;2569;2946
        Псковская область;городское население;;;;;;;;;;;;;;;;;;;;;;2392;2273;2544;2313;2076;2145;2152;2010;2112;1924;2250
        Псковская область;сельское население;;;;;;;;;;;;;;;;;;;;;;837;818;779;808;676;655;672;692;488;645;696
        Город Санкт-Петербург город федерального значения;все население;27771;27111;28254;28668;26875;24498;21159;23171;21671;23362;27097;30377;32637;31740;24465;22643;23871;25794;26814;26285;24712;25428;24493;26663;26642;24654;25053;24883;25928;26958;22761;25600
        Город Санкт-Петербург город федерального значения;городское население;;;;;;;;;;;;;;;;;;;;;;25428;24493;26663;26642;24654;25053;24883;25928;26958;22761;25600
        Город Санкт-Петербург город федерального значения;сельское население;;;;;;;;;;;;;;;;;;;;;;0;0;0;0;0;0;0;0;0;0;0
    Южный федеральный округ;все население;81224;83936;85095;83372;88691;87971;76156;75910;66263;72472;83687;99259;107692;101065;81977;75905;80837;88375;91046;91525;62502;65448;60690;65609;67858;61392;69000;69742;64316;71428;67410;73676
    Южный федеральный округ;городское население;;;;;;;;;;;;;;;;;;;;;;43133;39761;43244;44775;40829;46103;46620;43669;48736;45504;49838
    Южный федеральный округ;сельское население;;;;;;;;;;;;;;;;;;;;;;22315;20929;22365;23083;20563;22897;23122;20647;22692;21906;23838
        Республика Адыгея (Адыгея);все население;1836;1827;1925;1896;2134;1816;1806;1892;1617;1908;2021;2279;2523;2586;1819;1566;1583;1701;1757;1758;1698;1849;1767;1905;1842;1581;1651;1653;1627;1691;1664;1818
        Республика Адыгея (Адыгея);городское население;;;;;;;;;;;;;;;;;;;;;;1044;883;1005;927;828;865;831;828;922;818;886
        Республика Адыгея (Адыгея);сельское население;;;;;;;;;;;;;;;;;;;;;;805;884;900;915;753;786;822;799;769;846;932
        Республика Калмыкия;все население;843;911;1053;1081;1096;1081;919;817;780;830;976;1239;1207;1151;1005;949;1001;1138;1168;1257;1059;1269;1179;1286;1279;1025;1053;985;1017;1020;913;1095
        Республика Калмыкия;городское население;;;;;;;;;;;;;;;;;;;;;;689;628;709;667;543;572;525;556;569;480;631
        Республика Калмыкия;сельское население;;;;;;;;;;;;;;;;;;;;;;580;551;577;612;482;481;460;461;451;433;464
        Республика Крым;все население;;;;;;;;;;;;;;;;;;;;;;;;;;5673;6275;6786;6878;7077;7292;7138
        Республика Крым;городское население;;;;;;;;;;;;;;;;;;;;;;;;;;3369;3610;3806;3915;4168;4187;4011
        Республика Крым;сельское население;;;;;;;;;;;;;;;;;;;;;;;;;;2304;2665;2980;2963;2909;3105;3127
        Краснодарский край;все население;21986;22409;23108;23275;24759;24905;22324;21251;21456;22705;25269;29057;30783;29252;22967;22029;22072;23960;24756;24593;23341;24830;24529;26790;26959;25427;25321;25404;21387;27258;25688;27657
        Краснодарский край;городское население;;;;;;;;;;;;;;;;;;;;;;14247;14332;15752;15949;15250;15407;15418;13286;17087;16266;17484
        Краснодарский край;сельское население;;;;;;;;;;;;;;;;;;;;;;10583;10197;11038;11010;10177;9914;9986;8101;10171;9422;10173
        Астраханская область;все население;3574;3526;3827;3720;4255;4707;3710;3776;3071;3746;4525;7255;7127;5443;4368;4087;4740;5257;5346;5353;5066;5302;4965;5303;5172;4378;4251;4175;4120;4083;4095;5013
        Астраханская область;городское население;;;;;;;;;;;;;;;;;;;;;;3792;3551;3750;3635;3127;3070;2997;2977;3017;2899;3417
        Астраханская область;сельское население;;;;;;;;;;;;;;;;;;;;;;1510;1414;1553;1537;1251;1181;1178;1143;1066;1196;1596
        Волгоградская область;все население;11604;12254;12328;12691;14051;13672;11309;11401;8996;10894;13074;14728;15624;14283;11749;10605;11609;12492;12798;12570;11072;11922;11483;12299;12031;10567;10442;10489;9889;10137;9087;10505
        Волгоградская область;городское население;;;;;;;;;;;;;;;;;;;;;;9235;8782;9472;9300;8131;8036;8280;7868;8114;7198;8322
        Волгоградская область;сельское население;;;;;;;;;;;;;;;;;;;;;;2687;2701;2827;2731;2436;2406;2209;2021;2023;1889;2183
        Ростовская область;все население;18779;19178;20278;20408;21265;21206;18148;18265;14524;15822;19178;22493;25528;24112;19986;18414;19366;21219;21961;21778;20266;20276;16767;18026;20575;18414;18117;18289;17460;18127;16744;18217
        Ростовская область;городское население;;;;;;;;;;;;;;;;;;;;;;14126;11585;12556;14297;12950;12774;12914;12390;12905;11820;12974
        Ростовская область;сельское население;;;;;;;;;;;;;;;;;;;;;;6150;5182;5470;6278;5464;5343;5375;5070;5222;4924;5243
        Город федерального значения Севастополь;все население;;;;;;;;;;;;;;;;;;;;;;;;;;1630;1890;1961;1938;2035;1927;2233
        Город федерального значения Севастополь;городское население;;;;;;;;;;;;;;;;;;;;;;;;;;1541;1769;1849;1849;1954;1836;2113
        Город федерального значения Севастополь;сельское население;;;;;;;;;;;;;;;;;;;;;;;;;;89;121;112;89;81;91;120
    Северо-Кавказский федеральный округ;все население;;;;;;;;;;;;;;;;;;;;;23882;24433;23941;24098;24394;22673;22879;22160;20865;22588;22884;34281
    Северо-Кавказский федеральный округ;городское население;;;;;;;;;;;;;;;;;;;;;;14002;13707;13911;14118;13397;13464;13253;12477;13710;13695;19679
    Северо-Кавказский федеральный округ;сельское население;;;;;;;;;;;;;;;;;;;;;;10431;10234;10187;10276;9276;9415;8907;8388;8878;9189;14602
        Республика Дагестан;все население;3101;3386;3102;2762;2975;2713;2337;2363;2491;2523;2994;2997;3705;3742;3138;3005;3854;3944;4144;4382;4456;4613;4606;4919;5075;4795;4964;4685;4457;4903;5302;9133
        Республика Дагестан;городское население;;;;;;;;;;;;;;;;;;;;;;2296;2253;2495;2544;2315;2468;2324;2276;2466;2599;3882
        Республика Дагестан;сельское население;;;;;;;;;;;;;;;;;;;;;;2317;2353;2424;2531;2480;2496;2361;2181;2437;2703;5251
        Республика Ингушетия;все население;0;0;0;0;0;151;112;92;106;104;133;156;217;246;210;203;223;359;378;399;377;377;403;426;402;389;426;386;399;398;510;1643
        Республика Ингушетия;городское население;;;;;;;;;;;;;;;;;;;;;;155;177;174;215;196;221;248;287;240;308;929
        Республика Ингушетия;сельское население;;;;;;;;;;;;;;;;;;;;;;222;226;252;187;193;205;138;112;158;202;714
        Кабардино-Балкарская Республика;все население;2487;2721;2762;2674;2673;2672;2297;2443;1906;1980;2006;2448;2762;2524;2218;2087;2210;2369;2342;2695;2353;2609;2615;2174;2173;2154;2403;2435;2106;2298;2242;3052
        Кабардино-Балкарская Республика;городское население;;;;;;;;;;;;;;;;;;;;;;1609;1671;1369;1301;1341;1480;1523;1280;1402;1363;1783
        Кабардино-Балкарская Республика;сельское население;;;;;;;;;;;;;;;;;;;;;;1000;944;805;872;813;923;912;826;896;879;1269
        Карачаево-Черкесская Республика;все население;1533;1567;1444;1405;1532;1448;1166;1186;891;969;1156;1360;1583;1748;1552;1102;1364;1416;1394;1429;1453;1696;1647;1367;1641;1605;1462;1393;1470;1451;1388;2281
        Карачаево-Черкесская Республика;городское население;;;;;;;;;;;;;;;;;;;;;;787;792;671;778;770;692;699;736;742;658;1028
        Карачаево-Черкесская Республика;сельское население;;;;;;;;;;;;;;;;;;;;;;909;855;696;863;835;770;694;734;709;730;1253
        Республика Северная Осетия-Алания;все население;2217;2375;2225;1891;1876;1739;1480;1489;1515;1399;1647;2025;2216;1837;1721;1580;1727;2075;1982;2050;1828;1935;1974;1777;1969;1848;1830;1819;1786;1809;1769;2837
        Республика Северная Осетия-Алания;городское население;;;;;;;;;;;;;;;;;;;;;;1437;1429;1325;1451;1403;1373;1379;1323;1325;1323;2151
        Республика Северная Осетия-Алания;сельское население;;;;;;;;;;;;;;;;;;;;;;498;545;452;518;445;457;440;463;484;446;686
        Чеченская Республика;все население;2429;2443;1617;0;0;0;0;0;0;0;0;0;0;359;292;305;377;626;899;1143;1207;1238;1184;1310;1181;1056;1231;1076;783;1215;1457;3783
        Чеченская Республика;городское население;;;;;;;;;;;;;;;;;;;;;;597;587;677;718;582;563;569;418;784;1000;2629
        Чеченская Республика;сельское население;;;;;;;;;;;;;;;;;;;;;;641;597;633;463;474;668;507;365;431;457;1154
        Ставропольский край;все население;10835;11339;11426;11569;12075;11861;10548;10935;8910;9592;10708;13222;14417;13782;10952;9973;10711;11819;12121;12118;12208;11965;11512;12125;11953;10826;10563;10366;9864;10514;10216;11552
        Ставропольский край;городское население;;;;;;;;;;;;;;;;;;;;;;7121;6798;7200;7111;6790;6667;6511;6157;6751;6444;7277
        Ставропольский край;сельское население;;;;;;;;;;;;;;;;;;;;;;4844;4714;4925;4842;4036;3896;3855;3707;3763;3772;4275
    Приволжский федеральный округ;все население;94627;103579;116020;124408;129311;126565;107011;105453;90838;101794;121466;154342;184631;176275;126856;120537;129358;136425;139826;138641;126356;132639;128248;129136;137319;117212;116245;115992;112024;114345;106526;120760
    Приволжский федеральный округ;городское население;;;;;;;;;;;;;;;;;;;;;;101507;98423;98417;105066;90851;90254;89921;86795;89007;82241;93069
    Приволжский федеральный округ;сельское население;;;;;;;;;;;;;;;;;;;;;;31132;29825;30719;32253;26361;25991;26071;25229;25338;24285;27691
        Республика Башкортостан;все население;11092;12160;13393;13856;14535;14924;14389;13450;13764;14024;16191;19396;25247;23501;15398;14180;15431;16467;17453;17902;16607;17977;17854;18250;18192;15953;15645;15572;15383;15399;14573;16704
        Республика Башкортостан;городское население;;;;;;;;;;;;;;;;;;;;;;12458;13463;13770;13824;12156;11893;11897;11736;11851;11011;12526
        Республика Башкортостан;сельское население;;;;;;;;;;;;;;;;;;;;;;5519;4391;4480;4368;3797;3752;3675;3647;3548;3562;4178
        Республика Марий Эл;все население;1738;1983;2241;2637;2733;2685;1878;1835;1813;1821;2138;3033;3794;3607;2499;2319;2793;2901;2926;2884;2751;2853;2791;2942;3063;2548;2544;2490;2569;2400;2294;2495
        Республика Марий Эл;городское население;;;;;;;;;;;;;;;;;;;;;;2016;1923;2057;2127;1828;1837;1801;1869;1731;1704;1826
        Республика Марий Эл;сельское население;;;;;;;;;;;;;;;;;;;;;;837;868;885;936;720;707;689;700;669;590;669
        Республика Мордовия;все население;2489;2404;2742;2969;3223;3131;2710;2784;2123;2354;3145;3947;5262;4508;3131;3050;3101;3476;3462;3339;2980;3042;3123;3450;3168;2687;2659;2648;2614;2571;2295;2496
        Республика Мордовия;городское население;;;;;;;;;;;;;;;;;;;;;;2169;2143;2361;2100;1846;1876;1848;1755;1843;1651;1741
        Республика Мордовия;сельское население;;;;;;;;;;;;;;;;;;;;;;873;980;1089;1068;841;783;800;859;728;644;755
        Республика Татарстан (Татарстан);все население;10752;11703;13223;14705;14951;14498;12033;12266;11108;11394;12820;15921;21020;17867;12842;14279;15245;15416;15671;14669;13960;14747;12765;13603;15106;13450;13450;13586;13456;13317;11353;14877
        Республика Татарстан (Татарстан);городское население;;;;;;;;;;;;;;;;;;;;;;12330;10666;11341;12462;11214;11284;11330;11199;10942;9226;12212
        Республика Татарстан (Татарстан);сельское население;;;;;;;;;;;;;;;;;;;;;;2417;2099;2262;2644;2236;2166;2256;2257;2375;2127;2665
        Удмуртская Республика;все население;4239;4534;5062;5394;5858;5617;4373;4052;3625;4080;5043;6099;7373;6709;5369;4849;5416;5799;6100;6160;5619;5835;5637;6053;6514;5274;5338;5265;3899;5317;5147;5594
        Удмуртская Республика;городское население;;;;;;;;;;;;;;;;;;;;;;4317;4156;4117;4426;3679;3668;3634;2631;3685;3562;3764
        Удмуртская Республика;сельское население;;;;;;;;;;;;;;;;;;;;;;1518;1481;1936;2088;1595;1670;1631;1268;1632;1585;1830
        Чувашская Республика - Чувашия;все население;2811;3113;3670;4041;4311;4312;3257;3105;2927;3085;3626;4650;5342;5170;5045;4378;4406;4539;4786;5053;4336;4475;4431;4657;4843;4025;4077;3887;3881;3871;3663;4296
        Чувашская Республика - Чувашия;городское население;;;;;;;;;;;;;;;;;;;;;;3152;3100;3198;3414;2907;2975;2856;2853;2879;2669;3085
        Чувашская Республика - Чувашия;сельское население;;;;;;;;;;;;;;;;;;;;;;1323;1331;1459;1429;1118;1102;1031;1028;992;994;1211
        Пермский край;все население;7977;9615;10712;11524;12143;11367;8851;8641;6612;8425;9454;12309;13638;13577;10137;9867;11035;12196;12295;11768;10657;11322;11450;12428;12569;10667;10952;11156;10715;11011;10385;11727
        Пермский край;городское население;;;;;;;;;;;;;;;;;;;;;;9004;8929;9638;9787;8430;8682;8847;8432;8714;8272;9238
        Пермский край;сельское население;;;;;;;;;;;;;;;;;;;;;;2318;2521;2790;2782;2237;2270;2309;2283;2297;2113;2489
        Кировская область;все население;4263;4648;5539;6070;6225;6347;4685;4369;3619;4247;5317;7116;7469;7707;5375;5846;5526;6177;6465;6524;5794;6066;5968;6504;6566;5275;5297;5291;5032;5064;4746;5271
        Кировская область;городское население;;;;;;;;;;;;;;;;;;;;;;4702;4637;5053;5087;4142;4205;4150;3983;4077;3804;4226
        Кировская область;сельское население;;;;;;;;;;;;;;;;;;;;;;1364;1331;1451;1479;1133;1092;1141;1049;987;942;1045
        Нижегородская область;все население;10176;10855;12595;13917;14427;15031;12333;12435;10850;13230;16041;21664;27700;31691;19469;17247;18664;18935;17275;17010;15335;15587;14897;13236;15935;13385;13144;13593;12698;13592;12338;13198
        Нижегородская область;городское население;;;;;;;;;;;;;;;;;;;;;;12974;12122;10752;13124;11208;10976;11267;10634;11377;10206;10949
        Нижегородская область;сельское население;;;;;;;;;;;;;;;;;;;;;;2613;2775;2484;2811;2177;2168;2326;2064;2215;2132;2249
        Оренбургская область;все население;7066;7760;8718;8915;9637;9012;7603;8124;6691;7713;9487;13817;15589;12912;9224;9271;9659;10279;10412;10428;9285;10417;10201;8693;10351;8717;8768;8573;8437;8424;8200;9342
        Оренбургская область;городское население;;;;;;;;;;;;;;;;;;;;;;6355;6220;5225;6249;5380;5379;5193;5088;5133;5051;5700
        Оренбургская область;сельское население;;;;;;;;;;;;;;;;;;;;;;4062;3981;3468;4102;3337;3389;3380;3349;3291;3149;3642
        Пензенская область;все население;4422;4771;4883;5922;6854;6334;5212;5570;4054;4936;6228;7365;8972;7600;5890;5231;5942;6517;7279;6627;6178;6680;6264;6612;6489;5388;5185;5284;5073;5242;4940;5273
        Пензенская область;городское население;;;;;;;;;;;;;;;;;;;;;;4878;4646;4777;4785;3985;3842;3799;3685;3872;3571;3908
        Пензенская область;сельское население;;;;;;;;;;;;;;;;;;;;;;1802;1618;1835;1704;1403;1343;1485;1388;1370;1369;1365
        Самарская область;все население;12487;13823;15079;15809;16413;16024;15813;14371;12217;13210;15843;18081;20389;19637;15508;14173;15215;15763;16555;17023;15452;15779;15340;14288;16418;14224;14070;13774;13932;13551;12762;13925
        Самарская область;городское население;;;;;;;;;;;;;;;;;;;;;;13098;12683;11736;13529;11791;11695;11328;11395;11209;10477;11451
        Самарская область;сельское население;;;;;;;;;;;;;;;;;;;;;;2681;2657;2552;2889;2433;2375;2446;2537;2342;2285;2474
        Саратовская область;все население;10899;11724;12681;12710;11930;11483;9191;9678;7214;8529;10354;12692;14427;13887;11306;10358;11051;11530;12110;12208;6000;5800;7000;6800;12025;10548;10237;10026;9695;9885;9397;10310
        Саратовская область;городское население;;;;;;;;;;;;;;;;;;;;;;5;7;6;9303;8302;8110;8004;7724;7828;7508;8202
        Саратовская область;сельское население;;;;;;;;;;;;;;;;;;;;;;8;8;8;2722;2246;2127;2022;1971;2057;1889;2108
        Ульяновская область;все население;4216;4486;5482;5939;6071;5800;4683;4773;4221;4746;5779;8252;8409;7902;5663;5489;5874;6430;7037;7046;5965;6124;5827;6306;6080;5071;4879;4847;4640;4701;4433;5252
        Ульяновская область;городское население;;;;;;;;;;;;;;;;;;;;;;4916;4704;5014;4849;3983;3832;3967;3811;3866;3529;4241
        Ульяновская область;сельское население;;;;;;;;;;;;;;;;;;;;;;1208;1123;1292;1231;1088;1047;880;829;835;904;1011
    Уральский федеральный округ;все население;45896;51205;55916;58682;61516;62107;52285;54110;48762;50517;59102;76668;85222;78790;62816;57923;62746;68803;71094;69365;63859;67079;65632;64754;68706;59017;58707;59065;57002;59579;54764;63410
    Уральский федеральный округ;городское население;;;;;;;;;;;;;;;;;;;;;;55470;54132;52960;56422;48830;48714;49171;47700;49933;45538;52742
    Уральский федеральный округ;сельское население;;;;;;;;;;;;;;;;;;;;;;11609;11500;11794;12284;10187;9993;9894;9302;9646;9226;10668
        Курганская область;все население;3090;3486;4124;4531;4957;4813;3380;3328;2891;3264;4312;5012;5507;5536;4653;3837;4488;5120;5441;5234;4523;4721;4745;5019;4909;4127;3983;4050;3393;3871;3626;4142
        Курганская область;городское население;;;;;;;;;;;;;;;;;;;;;;2908;2992;3126;3091;2659;2591;2668;2304;2626;2413;2760
        Курганская область;сельское население;;;;;;;;;;;;;;;;;;;;;;1813;1753;1893;1818;1468;1392;1382;1089;1245;1213;1382
        Свердловская область;все население;16426;18143;20295;21175;22495;22064;18040;19501;18059;17397;19878;28130;28321;24079;19565;18670;19748;21910;22765;22318;20262;21714;21164;22499;22623;19612;19752;19913;19170;20525;18751;22256
        Свердловская область;городское население;;;;;;;;;;;;;;;;;;;;;;18525;18258;19244;19342;16931;17177;17359;16684;18025;16357;19223
        Свердловская область;сельское население;;;;;;;;;;;;;;;;;;;;;;3189;2906;3255;3281;2681;2575;2554;2486;2500;2394;3033
        Тюменская область;все население;13719;15052;15273;16396;17779;17905;16844;17584;16089;17350;19132;21483;24226;23970;19698;18477;19615;20442;21202;21346;20880;21656;20907;20953;21451;19119;18988;19001;18665;18843;16334;18643
        Тюменская область;городское население;;;;;;;;;;;;;;;;;;;;;;18009;17214;16948;17575;15810;15707;15737;15491;15661;13493;15469
        Тюменская область;сельское население;;;;;;;;;;;;;;;;;;;;;;3647;3693;4005;3876;3309;3281;3264;3174;3182;2841;3174
            Ханты-Мансийский автономный округ - Югра (Тюменская область);все население;7014;7669;7464;8028;8744;8620;8507;9067;8104;8718;9927;11396;13177;13192;10587;9805;10263;10515;10732;10835;10792;11075;10353;10032;10152;9206;9170;9051;8868;8919;7341;8768
            Ханты-Мансийский автономный округ - Югра (Тюменская область);городское население;;;;;;;;;;;;;;;;;;;;;;10167;9556;9299;9385;8551;8543;8403;8280;8334;6879;8186
            Ханты-Мансийский автономный округ - Югра (Тюменская область);сельское население;;;;;;;;;;;;;;;;;;;;;;908;797;733;767;655;627;648;588;585;462;582
            Ямало-Ненецкий автономный округ (Тюменская область);все население;2760;3094;3015;3243;3630;3699;3337;3611;3501;3336;3541;3747;4267;4043;3437;3420;3642;3630;3610;3487;3516;3498;3427;3148;3396;3083;3034;2934;2943;2857;2539;2850
            Ямало-Ненецкий автономный округ (Тюменская область);городское население;;;;;;;;;;;;;;;;;;;;;;3171;3064;2751;3003;2710;2636;2605;2571;2511;2259;2537
            Ямало-Ненецкий автономный округ (Тюменская область);сельское население;;;;;;;;;;;;;;;;;;;;;;327;363;397;393;373;398;329;372;346;280;313
            Тюменская область (без АО);все население;3945;4289;4794;5125;5405;5586;5000;4906;4484;5296;5664;6340;6782;6735;5674;5252;5710;6297;6860;7024;6100;5500;7100;7000;7903;6830;6784;7016;6854;7067;6454;7025
            Тюменская область (без АО);городское население;;;;;;;;;;;;;;;;;;;;;;5;6;6;5187;4549;4528;4729;4640;4816;4355;4746
            Тюменская область (без АО);сельское население;;;;;;;;;;;;;;;;;;;;;;6;8;8;2716;2281;2256;2287;2214;2251;2099;2279
        Челябинская область;все население;12661;14524;16224;16580;16285;17325;14021;13697;11723;12506;15780;22043;27168;25205;18900;16939;18895;21331;21686;20467;18194;18988;18816;16283;19723;16159;15984;16101;15774;16340;16053;18369
        Челябинская область;городское население;;;;;;;;;;;;;;;;;;;;;;16028;15668;13642;16414;13430;13239;13407;13221;13621;13275;15290
        Челябинская область;сельское население;;;;;;;;;;;;;;;;;;;;;;2960;3148;2641;3309;2729;2745;2694;2553;2719;2778;3079
    Сибирский федеральный округ;все население;76454;82397;87697;88430;90670;91736;72870;70963;65133;68855;87624;104655;118230;111727;91464;91129;98411;104007;103817;102470;91851;99608;96498;100689;102837;87662;86811;87174;74816;78673;72034;80409
    Сибирский федеральный округ;городское население;;;;;;;;;;;;;;;;;;;;;;76669;73678;76761;77921;67985;66922;67325;58435;61443;55902;61708
    Сибирский федеральный округ;сельское население;;;;;;;;;;;;;;;;;;;;;;22939;22820;23928;24916;19677;19889;19849;16381;17230;16132;18701
        Республика Алтай;все население;510;638;625;632;689;759;515;494;436;463;673;732;867;840;738;722;800;911;1076;1057;1054;1151;1030;1164;1211;883;934;916;882;1012;1042;1244
        Республика Алтай;городское население;;;;;;;;;;;;;;;;;;;;;;368;321;385;391;322;305;294;308;332;300;387
        Республика Алтай;сельское население;;;;;;;;;;;;;;;;;;;;;;783;709;779;820;561;629;622;574;680;742;857
        Республика Тыва;все население;613;603;622;643;617;590;410;408;358;390;480;514;646;620;545;439;503;603;632;630;623;694;600;627;635;536;509;561;608;743;608;1042
        Республика Тыва;городское население;;;;;;;;;;;;;;;;;;;;;;512;421;461;479;404;371;411;484;633;488;782
        Республика Тыва;сельское население;;;;;;;;;;;;;;;;;;;;;;182;179;166;156;132;138;150;124;110;120;260
        Республика Хакасия;все население;1950;2129;2466;2341;2467;2601;1935;1849;1726;1890;2472;2907;3505;3138;2410;2502;2663;2801;2808;2775;2494;2748;2682;2407;2875;2475;2484;2509;2078;2382;2504;2679
        Республика Хакасия;городское население;;;;;;;;;;;;;;;;;;;;;;1961;1927;1677;2056;1801;1830;1812;1511;1738;1834;1931
        Республика Хакасия;сельское население;;;;;;;;;;;;;;;;;;;;;;787;755;730;819;674;654;697;567;644;670;748
        Алтайский край;все население;10074;10544;11594;12022;11723;11719;9013;8469;7245;8685;11147;13137;15205;14463;12004;12209;12700;13552;13313;13100;11890;12790;12288;13259;13243;10662;10369;10745;10040;10201;10031;10435
        Алтайский край;городское население;;;;;;;;;;;;;;;;;;;;;;7519;7251;7916;7668;6465;6152;6639;6220;6198;6147;6255
        Алтайский край;сельское население;;;;;;;;;;;;;;;;;;;;;;5271;5037;5343;5575;4197;4217;4106;3820;4003;3884;4180
        Красноярский край;все население;12456;13341;13654;13932;14595;14788;11971;11381;10779;11716;14493;15993;18180;19685;15558;16856;17163;17599;16401;16835;14932;12791;12293;13356;13831;13863;13890;13925;13694;14286;12695;14808
        Красноярский край;городское население;;;;;;;;;;;;;;;;;;;;;;10261;9768;10605;10841;11254;11224;11169;11039;11540;10252;11736
        Красноярский край;сельское население;;;;;;;;;;;;;;;;;;;;;;2530;2525;2751;2990;2609;2666;2756;2655;2746;2443;3072
        Иркутская область;все население;9066;9780;10560;10594;10356;9342;8306;7847;7415;8597;10114;12684;16038;14757;11622;10525;11552;12557;12330;12229;11252;15127;14298;13572;14053;11862;11653;11778;11043;11946;10669;11885
        Иркутская область;городское население;;;;;;;;;;;;;;;;;;;;;;13151;12238;11497;11945;10044;9724;9869;9146;9904;8926;9680
        Иркутская область;сельское население;;;;;;;;;;;;;;;;;;;;;;1976;2060;2075;2108;1818;1929;1909;1897;2042;1743;2205
        Кемеровская область - Кузбасс;все население;11914;12905;13423;13704;14396;14981;11308;11680;10026;10935;14888;16113;17370;15621;12880;13832;15137;15591;15577;14988;13361;14694;14197;14748;14508;12185;12141;11911;11556;11451;10642;11963
        Кемеровская область - Кузбасс;городское население;;;;;;;;;;;;;;;;;;;;;;12940;12481;12877;12704;10845;10853;10522;10256;10188;9491;10657
        Кемеровская область - Кузбасс;сельское население;;;;;;;;;;;;;;;;;;;;;;1754;1716;1871;1804;1340;1288;1389;1300;1263;1151;1306
        Новосибирская область;все население;10993;11962;12355;11978;12374;12370;10570;11015;9301;9336;11910;15659;18295;16411;12566;12079;13845;14750;15769;15186;13256;14352;14429;15473;15871;13237;13034;13085;12550;13281;12235;13188
        Новосибирская область;городское население;;;;;;;;;;;;;;;;;;;;;;11576;11374;12371;12657;10693;10543;10582;10123;11001;10010;10646
        Новосибирская область;сельское население;;;;;;;;;;;;;;;;;;;;;;2776;3055;3102;3214;2544;2491;2503;2427;2280;2225;2542
        Омская область;все население;8652;9468;10223;9967;10118;9915;7850;7403;8595;7177;9831;12017;10960;9943;8690;8236;9153;10154;10524;10052;8999;9712;9671;10497;10500;8684;8649;8668;8375;8540;7600;8409
        Омская область;городское население;;;;;;;;;;;;;;;;;;;;;;7436;7248;7901;7784;6684;6557;6592;6417;6509;5724;6325
        Омская область;сельское население;;;;;;;;;;;;;;;;;;;;;;2276;2423;2596;2716;2000;2092;2076;1958;2031;1876;2084
        Томская область;все население;3793;3783;4294;4513;4797;5753;4359;4182;3591;3774;4695;5749;6552;6215;5784;4868;5352;5694;5602;5773;5115;5799;5319;5858;5596;4919;4702;4585;3990;4831;4008;4756
        Томская область;городское население;;;;;;;;;;;;;;;;;;;;;;3953;3663;4173;3978;3546;3313;3337;2931;3400;2730;3309
        Томская область;сельское население;;;;;;;;;;;;;;;;;;;;;;1846;1656;1685;1618;1373;1389;1248;1059;1431;1278;1447
    Дальневосточный федеральный округ;все население;40410;43172;44961;44088;43254;39943;33973;31762;30865;31167;34085;42316;48001;42750;34673;32654;34770;36484;36731;37470;34256;36219;34417;35965;36435;31708;31102;30673;37656;39976;35617;43104
    Дальневосточный федеральный округ;городское население;;;;;;;;;;;;;;;;;;;;;;28584;27196;27998;28403;25033;24528;24298;29137;31118;27335;33059
    Дальневосточный федеральный округ;сельское население;;;;;;;;;;;;;;;;;;;;;;7635;7221;7967;8032;6675;6574;6375;8519;8858;8282;10045
        Республика Бурятия;все население;2616;2912;3141;3330;3483;3736;2703;2669;2528;2612;2857;3731;4548;4875;3868;4276;4605;4365;4140;4223;3782;4201;4118;4567;4571;3600;3575;3491;3506;3746;3531;4547
        Республика Бурятия;городское население;;;;;;;;;;;;;;;;;;;;;;2859;2764;3059;3018;2394;2324;2273;2285;2399;2269;2768
        Республика Бурятия;сельское население;;;;;;;;;;;;;;;;;;;;;;1342;1354;1508;1553;1206;1251;1218;1221;1347;1262;1779
        Забайкальский край;все население;3817;4332;4740;4774;5055;5182;3930;3566;3133;3280;4064;5419;6064;5159;4799;4585;4938;5430;5645;5622;5093;5549;5573;5161;5943;4756;4871;5000;4805;5059;4829;5855
        Забайкальский край;городское население;;;;;;;;;;;;;;;;;;;;;;4133;4222;3839;4400;3533;3726;3825;3632;3820;3625;4388
        Забайкальский край;сельское население;;;;;;;;;;;;;;;;;;;;;;1416;1351;1322;1543;1223;1145;1175;1173;1239;1204;1467
        Республика Саха (Якутия);все население;5075;5267;5203;5168;4767;4788;4215;3975;3847;4083;4073;4855;4794;4700;3881;3681;4022;4202;4529;4659;4464;4764;4316;4631;4489;4087;4159;3994;3285;4161;3246;4216
        Республика Саха (Якутия);городское население;;;;;;;;;;;;;;;;;;;;;;3738;3376;3561;3407;3206;3182;3106;2561;3340;2493;3272
        Республика Саха (Якутия);сельское население;;;;;;;;;;;;;;;;;;;;;;1026;940;1070;1082;881;977;888;724;821;753;944
        Камчатский край;все население;3135;3397;3287;3001;3025;2815;2399;2232;2347;2081;2202;2794;3177;2605;1818;1920;2229;2583;2351;2428;2245;2228;2218;2239;2068;1812;1931;1805;1637;1861;1482;1877
        Камчатский край;городское население;;;;;;;;;;;;;;;;;;;;;;1767;1803;1813;1715;1435;1555;1435;1319;1485;1173;1522
        Камчатский край;сельское население;;;;;;;;;;;;;;;;;;;;;;461;415;426;353;377;376;370;318;376;309;355
        Приморский край;все население;11342;11907;12948;12598;12160;10578;9610;8764;8586;9299;9451;12264;14234;13362;11335;10990;11272;10804;10530;11173;10018;10363;9900;10839;11145;9607;9254;9298;9212;9459;8517;10521
        Приморский край;городское население;;;;;;;;;;;;;;;;;;;;;;7955;7638;8305;8558;7509;7264;7251;7192;7477;6563;8291
        Приморский край;сельское население;;;;;;;;;;;;;;;;;;;;;;2408;2262;2534;2587;2098;1990;2047;2020;1982;1954;2230
        Хабаровский край;все население;7913;8450;8851;9130;9331;9053;7309;6910;7049;6856;8068;9670;11034;9592;7393;6685;7347;8244;8118;8319;7649;8099;7940;8240;8261;7160;6914;6920;6655;6885;6244;7304
        Хабаровский край;городское население;;;;;;;;;;;;;;;;;;;;;;6859;6678;6690;6745;5838;5659;5701;5529;5702;5102;6031
        Хабаровский край;сельское население;;;;;;;;;;;;;;;;;;;;;;1240;1262;1550;1516;1322;1255;1219;1126;1183;1142;1273
        Амурская область;все население;4148;4603;5024;5272;5342;5114;4284;4099;3617;3085;3806;4941;6109;5591;4447;4167;4533;5079;5062;5086;4455;5122;4663;4930;4913;4151;4088;3978;4097;4179;3706;4335
        Амурская область;городское население;;;;;;;;;;;;;;;;;;;;;;3632;3276;3432;3450;2984;2915;2866;2889;2981;2678;3027
        Амурская область;сельское население;;;;;;;;;;;;;;;;;;;;;;1490;1387;1498;1463;1167;1173;1112;1208;1198;1028;1308
        Магаданская область;все население;2990;3027;2753;2294;2379;1902;1560;1433;1345;1588;2083;2531;2346;1476;1347;1182;1245;1175;1304;1145;1016;1085;1046;1042;1035;911;928;873;721;758;707;812
        Магаданская область;городское население;;;;;;;;;;;;;;;;;;;;;;1051;1007;997;984;877;889;826;684;736;691;792
        Магаданская область;сельское население;;;;;;;;;;;;;;;;;;;;;;34;39;45;51;34;39;47;37;22;16;20
        Сахалинская область;все население;3790;4446;4722;4448;4147;3747;2920;2857;2785;2915;3069;3654;4504;3870;3057;2810;2833;3065;3446;3325;3124;3353;3166;2824;3233;2885;2794;2732;2729;2832;2465;2417
        Сахалинская область;городское население;;;;;;;;;;;;;;;;;;;;;;2707;2543;2290;2593;2351;2280;2266;2263;2374;2046;2034
        Сахалинская область;сельское население;;;;;;;;;;;;;;;;;;;;;;646;623;534;640;534;514;466;466;458;419;383
        Еврейская автономная область;все население;899;989;1111;1329;1239;1095;825;806;779;755;887;992;1113;1071;974;849;920;915;985;953;938;890;861;926;989;812;773;795;770;789;663;993
        Еврейская автономная область;городское население;;;;;;;;;;;;;;;;;;;;;;614;625;672;705;603;568;609;590;598;509;748
        Еврейская автономная область;сельское население;;;;;;;;;;;;;;;;;;;;;;276;236;254;284;209;205;186;180;191;154;245
        Чукотский автономный округ;все население;1118;1086;1062;848;864;851;851;686;510;505;446;615;690;483;421;370;369;417;406;382;347;315;307;294;302;283;261;278;239;247;227;227
        Чукотский автономный округ;городское население;;;;;;;;;;;;;;;;;;;;;;261;250;238;246;230;216;238;193;206;186;186
        Чукотский автономный округ;сельское население;;;;;;;;;;;;;;;;;;;;;;54;57;56;56;53;45;40;46;41;41;41
